,,,,,,,,,Standard,Standard,Standard,Standard,Standard,Standard,Standard,Standard,Standard,Performance,Performance,Expected,Expected,Expected,Expected,Expected,
Rk,Player,Nation,Pos,Squad,Age,Born,90s,Gls,Sh,SoT,SoT%,Sh/90,SoT/90,G/Sh,G/SoT,Dist,FK,PK,PKatt,xG,npxG,npxG/Sh,G-xG,np:G-xG,Matches
1,Paxten Aaronson\4cd41883,us USA,MFFW,Philadelphia,17,2003,6.6,3,11,9,81.8,1.66,1.35,0.27,0.33,16.8,0,0,0,1.3,1.3,0.12,+1.7,+1.7,Matches
2,Saad Abdul-Salaam\4705543b,us USA,DF,Columbus Crew,29,1991,10.3,0,3,1,33.3,0.29,0.1,0,0,35.1,0,0,0,0.1,0.1,0.02,-0.1,-0.1,Matches
3,Luciano Abecasis\6c510f2d,ar ARG,DF,San Jose,30,1990,13.7,0,8,2,25,0.58,0.15,0,0,19.2,0,0,0,0.5,0.5,0.07,-0.5,-0.5,Matches
4,Ramón Ábila\db5ee72d,ar ARG,FW,D.C. United,31,1989,2.5,3,10,6,60,4,2.4,0.3,0.5,9.6,0,0,0,1,1,0.1,+2.0,+2.0,Matches
5,Ramón Ábila\db5ee72d,ar ARG,FW,Minnesota Utd,31,1989,3,2,13,5,38.5,4.37,1.68,0.15,0.4,13.8,0,0,1,2.7,1.8,0.14,-0.7,+0.2,Matches
6,Lalas Abubakar\4a67f05b,gh GHA,DF,Colorado Rapids,26,1994,21.3,2,11,2,18.2,0.52,0.09,0.18,1,7.8,0,0,0,0.8,0.8,0.07,+1.2,+1.2,Matches
7,Nicolás Acevedo\6140be7b,uy URU,MF,NYCFC,21,1999,15,0,12,2,16.7,0.8,0.13,0,0,24.2,0,0,0,0.4,0.4,0.04,-0.4,-0.4,Matches
8,Ifunanyachi Achara\d31bf83e,us USA,FWMF,Toronto FC,23,1997,9.1,2,18,8,44.4,1.97,0.88,0.11,0.25,14.3,0,0,0,3.1,3.1,0.17,-1.1,-1.1,Matches
9,Bryan Acosta\c5f400f4,hn HON,MF,FC Dallas,27,1993,17.5,0,34,7,20.6,1.94,0.4,0,0,27.4,6,0,0,1.2,1.2,0.03,-1.2,-1.2,Matches
10,Danilo Acosta\41f720a5,hn HON,DF,LA Galaxy,23,1997,0.7,0,0,0,,0,0,,,,0,0,0,0,0,,0,0,Matches
11,Kellyn Acosta\ece10cfe,us USA,MFDF,Colorado Rapids,25,1995,19.1,1,18,2,11.1,0.94,0.1,0.06,0.5,22.8,2,0,0,1,1,0.06,0,0,Matches
12,Luciano Acosta\363ba6d7,ar ARG,MF,FC Cincinnati,26,1994,29.9,7,61,25,41,2.04,0.84,0.11,0.28,18.5,9,0,0,5.8,5.8,0.1,+1.2,+1.2,Matches
13,Mo Adams\00362ef7,eng ENG,MF,Atlanta Utd,24,1996,1.6,0,1,0,0,0.61,0,0,,23,0,0,0,0,0,0.03,0,0,Matches
14,Samuel Adeniran\86429529,us USA,FWMF,Seattle,22,1998,0.7,0,4,1,25,6.1,1.53,0,0,19.3,0,0,0,0.2,0.2,0.05,-0.2,-0.2,Matches
15,Fanendo Adi\ae2dd50a,ng NGA,FW,Minnesota Utd,30,1990,2.3,1,8,1,12.5,3.43,0.43,0.13,1,8.3,0,0,0,1,1,0.14,0,0,Matches
16,Harrison Afful\7d8ede09,gh GHA,DF,Columbus Crew,34,1986,20.2,0,12,2,16.7,0.6,0.1,0,0,23.6,0,0,0,0.5,0.5,0.04,-0.5,-0.5,Matches
17,Juan Agudelo\0cb2115f,us USA,FWMF,Minnesota Utd,28,1992,2.7,0,12,3,25,4.41,1.1,0,0,10.7,0,0,0,1.6,1.6,0.13,-1.6,-1.6,Matches
18,Raul Aguilera Jr.\7b6113d9,us USA,MF,Orlando City,21,1999,1.1,0,0,0,,0,0,,,,0,0,0,0,0,,0,0,Matches
19,Daniel Aguirre\ecc5063f,us USA,MFFW,LA Galaxy,21,1999,0.4,0,2,0,0,5.29,0,0,,11.8,0,0,0,0.2,0.2,0.12,-0.2,-0.2,Matches
20,Matheus Aiás\3ac4ee49,br BRA,FWMF,Orlando City,24,1996,0.2,0,0,0,,0,0,,,,0,0,0,0,0,,0,0,Matches
21,Arnaud Ake\3402bb17,ci CIV,FWMF,Nashville,22,1998,4.4,1,5,3,60,1.14,0.69,0.2,0.33,18.5,0,0,0,0.9,0.9,0.19,+0.1,+0.1,Matches
22,Tesho Akindele\897304e5,ca CAN,FW,Orlando City,28,1992,15.2,3,28,10,35.7,1.84,0.66,0.11,0.3,12.7,0,0,1,6.1,5.3,0.19,-3.1,-2.3,Matches
23,Ayo Akinola\214d2406,ca CAN,FW,Toronto FC,21,2000,7.2,3,14,6,42.9,1.95,0.84,0.21,0.5,14.4,0,0,0,2.2,2.2,0.16,+0.8,+0.8,Matches
24,Oswaldo Alanís\e97787d9,mx MEX,DF,San Jose,31,1989,22.7,2,16,7,43.8,0.71,0.31,0,0,20,5,2,2,2,0.5,0.03,0,-0.5,Matches
25,Caio Alexandre\08ac23b7,br BRA,MF,Vancouver,21,1999,10.6,0,16,2,12.5,1.51,0.19,0,0,20.1,0,0,0,0.9,0.9,0.06,-0.9,-0.9,Matches
26,Tony Alfaro\4118b12a,us USA,DF,D.C. United,27,1993,20.5,1,10,1,10,0.49,0.05,0.1,1,8.8,0,0,0,1.4,1.4,0.14,-0.4,-0.4,Matches
27,Ignacio Aliseda\bb8099ee,ar ARG,FWMF,Chicago Fire,20,2000,17.7,4,26,14,53.8,1.47,0.79,0.15,0.29,16,0,0,0,3.8,3.8,0.15,+0.2,+0.2,Matches
28,Osvaldo Alonso\8449bfda,cu CUB,MF,Minnesota Utd,35,1985,15.7,1,16,1,6.3,1.02,0.06,0.06,1,24.7,0,0,0,0.5,0.5,0.03,+0.5,+0.5,Matches
29,Jozy Altidore\8db8ad1e,us USA,FW,Toronto FC,31,1989,8.5,4,22,9,40.9,2.58,1.05,0.18,0.44,13.2,2,0,0,2.6,2.6,0.12,+1.4,+1.4,Matches
30,Alexander Alvarado\7302ba2b,ec ECU,FWMF,Orlando City,21,1999,2.2,0,1,0,0,0.46,0,0,,18.8,0,0,0,0,0,0.04,0,0,Matches
31,Ventura Alvarado\4c219392,us USA,DF,Inter Miami,28,1992,0.2,0,0,0,,0,0,,,,0,0,0,0,0,,0,0,Matches
32,Efrain Alvarez\3cd08ab7,mx MEX,FWMF,LA Galaxy,18,2002,13.9,2,37,9,24.3,2.66,0.65,0.05,0.22,20.4,5,0,0,2.7,2.7,0.07,-0.7,-0.7,Matches
33,Frankie Amaya\2e8bd00c,us USA,MF,NY Red Bulls,20,2000,9.3,1,10,4,40,1.07,0.43,0.1,0.25,20.2,0,0,0,0.5,0.5,0.05,+0.5,+0.5,Matches
34,Mikey Ambrose\f649d6aa,us USA,DFMF,Atlanta Utd,27,1993,0.7,0,0,0,,0,0,,,,0,0,0,0,0,,0,0,Matches
35,Malte Amundsen\83b6e15d,dk DEN,DF,NYCFC,22,1998,15.5,1,9,3,33.3,0.58,0.19,0.11,0.33,19.6,0,0,0,0.5,0.5,0.06,+0.5,+0.5,Matches
36,Sebastian Anderson\3a9911ce,us USA,DF,Colorado Rapids,18,2002,0.4,0,0,0,,0,0,,,,0,0,0,0,0,,0,0,Matches
37,José Andrés Martínez\c8364e8e,ve VEN,MF,Philadelphia,26,1994,21.7,0,23,2,8.7,1.06,0.09,0,0,31.7,0,0,0,0.4,0.4,0.02,-0.4,-0.4,Matches
38,Jalil Anibaba\e44593b0,us USA,DF,Nashville,32,1988,7.1,1,3,1,33.3,0.43,0.14,0.33,1,14.2,0,0,0,0.3,0.3,0.09,+0.7,+0.7,Matches
39,Brian Anunga\17b28ec7,cm CMR,MF,Nashville,24,1996,16.8,1,17,3,17.6,1.01,0.18,0.06,0.33,22.3,0,0,0,0.8,0.8,0.05,+0.2,+0.2,Matches
40,Cristian Arango\fea9401e,co COL,FW,Los Angeles FC,25,1995,15.5,14,58,27,46.6,3.74,1.74,0.16,0.33,17.6,6,5,5,12,8.2,0.14,+2.0,+0.8,Matches
41,Julian Araujo\8f4541c2,mx MEX,DF,LA Galaxy,19,2001,31,0,14,1,7.1,0.45,0.03,0,0,18.8,0,0,0,0.5,0.5,0.04,-0.5,-0.5,Matches
42,Luiz Araújo\fa18c72e,br BRA,FWMF,Atlanta Utd,24,1996,12.8,4,47,17,36.2,3.68,1.33,0.09,0.24,21.7,4,0,0,3.7,3.7,0.08,+0.3,+0.3,Matches
43,Daniel Armando Ríos\078b2c07,mx MEX,FW,Nashville,25,1995,4.1,1,17,5,29.4,4.1,1.21,0.06,0.2,13,0,0,0,1.5,1.5,0.09,-0.5,-0.5,Matches
44,Xavier Arreaga\7f2b7640,ec ECU,DF,Seattle,26,1994,24,2,10,6,60,0.42,0.25,0.2,0.33,6.9,0,0,0,1.7,1.7,0.17,+0.3,+0.3,Matches
45,Paul Arriola\1bb2acce,us USA,FWMF,D.C. United,25,1995,15.1,6,39,11,28.2,2.59,0.73,0.15,0.55,16,1,0,0,5.3,5.3,0.14,+0.7,+0.7,Matches
46,Artur\ea6803c7,br BRA,MF,Columbus Crew,24,1996,4.8,0,3,2,66.7,0.63,0.42,0,0,16.3,0,0,0,0.4,0.4,0.14,-0.4,-0.4,Matches
47,Yamil Asad\a444689a,ar ARG,MFFW,D.C. United,26,1994,7.2,2,11,3,27.3,1.52,0.42,0.09,0.33,24.2,1,1,1,1.8,1,0.09,+0.2,0,Matches
48,Dairon Asprilla\218d336c,co COL,FWMF,Portland Timbers,28,1992,23.2,10,64,23,35.9,2.76,0.99,0.14,0.39,16.3,0,1,1,6.8,6,0.09,+3.2,+3.0,Matches
49,Isaac Atanga\ff0f2a53,gh GHA,FWMF,FC Cincinnati,20,2000,11.4,1,20,9,45,1.76,0.79,0.05,0.11,16.5,1,0,0,2.5,2.5,0.12,-1.5,-1.5,Matches
50,Joshua Atencio\1f084637,us USA,MF,Seattle,19,2002,16.8,0,6,4,66.7,0.36,0.24,0,0,26.1,0,0,0,0.1,0.1,0.02,-0.1,-0.1,Matches
51,Jeff Attinella\4277b946,us USA,GK,Portland Timbers,32,1988,1.9,0,0,0,,0,0,,,,0,0,0,0,0,,0,0,Matches
52,Eduard Atuesta\60990b81,co COL,MF,Los Angeles FC,23,1997,23.6,2,41,13,31.7,1.73,0.55,0.02,0.08,24.3,14,1,1,2.5,1.8,0.04,-0.5,-0.8,Matches
53,Auro\b234cb0e,br BRA,DFMF,Toronto FC,25,1996,22.1,0,11,5,45.5,0.5,0.23,0,0,23.1,0,0,0,0.7,0.7,0.06,-0.7,-0.7,Matches
54,Brandon Austin\5e253986,eng ENG,GK,Orlando City,22,1999,5,0,0,0,,0,0,,,,0,0,0,0,0,,0,0,Matches
55,Edison Azcona\05f54837,do DOM,FW,Inter Miami,17,2003,0.6,0,0,0,,0,0,,,,0,0,0,0,0,,0,0,Matches
56,Dominique Badji\758ac389,sn SEN,FW,Nashville,28,1992,2.1,0,10,5,50,4.79,2.39,0,0,18.7,0,0,0,1.1,1.1,0.11,-1.1,-1.1,Matches
57,Dominique Badji\758ac389,sn SEN,FWMF,Colorado Rapids,28,1992,3.6,5,13,7,53.8,3.57,1.92,0.38,0.71,13.3,0,0,0,1.6,1.6,0.12,+3.4,+3.4,Matches
58,Zico Bailey\aa9e1161,us USA,DF,FC Cincinnati,20,2000,7.6,1,6,5,83.3,0.79,0.66,0.17,0.2,16.9,0,0,0,0.2,0.2,0.04,+0.8,+0.8,Matches
59,Theo Bair\c724745e,ca CAN,FW,Vancouver,21,1999,0.3,0,0,0,,0,0,,,,0,0,0,0,0,,0,0,Matches
60,Corey Baird\2d0d1442,us USA,FW,Houston Dynamo,25,1996,4,0,9,5,55.6,2.24,1.24,0,0,17.2,0,0,0,0.9,0.9,0.1,-0.9,-0.9,Matches
61,Corey Baird\2d0d1442,us USA,FW,Los Angeles FC,25,1996,8.3,3,15,8,53.3,1.8,0.96,0.2,0.38,14.3,0,0,0,2.9,2.9,0.19,+0.1,+0.1,Matches
62,Mateo Bajamich\d005b036,ar ARG,FWMF,Houston Dynamo,21,1999,1.5,0,3,1,33.3,1.94,0.65,0,0,17.2,0,0,0,0.2,0.2,0.06,-0.2,-0.2,Matches
63,Reed Baker-Whiting\816d7aec,us USA,MFFW,Seattle,15,2005,2.2,0,3,2,66.7,1.34,0.9,0,0,10.2,0,0,0,0.8,0.8,0.26,-0.8,-0.8,Matches
64,Michael Baldisimo\894b41c5,ca CAN,MF,Vancouver,20,2000,13.9,0,7,1,14.3,0.5,0.07,0,0,26.7,0,0,0,0.1,0.1,0.02,-0.1,-0.1,Matches
65,Grayson Barber\8504b10a,us USA,FWMF,Sporting KC,20,2000,2.4,0,2,0,0,0.83,0,0,,18.4,0,0,0,0.2,0.2,0.1,-0.2,-0.2,Matches
66,Ezequiel Barco\7fa737c4,ar ARG,FWMF,Atlanta Utd,21,1999,23.7,7,60,19,31.7,2.53,0.8,0.1,0.32,21.6,15,1,1,5.1,4.4,0.07,+1.9,+1.6,Matches
67,Tom Barlow\da4821de,us USA,FWMF,NY Red Bulls,25,1995,5.5,1,12,3,25,2.16,0.54,0.08,0.33,12,0,0,0,1.7,1.7,0.14,-0.7,-0.7,Matches
68,Luis Barraza\e6f22a6b,us USA,GK,NYCFC,24,1996,5,0,0,0,,0,0,,,,0,0,0,0,0,,0,0,Matches
69,Álvaro Barreal\ffca53e1,ar ARG,FWMF,FC Cincinnati,20,2000,24.5,3,56,13,23.2,2.28,0.53,0.05,0.23,20.1,8,0,0,4.5,4.5,0.08,-1.5,-1.5,Matches
70,Michael Barrios\df782c79,co COL,FWMF,Colorado Rapids,29,1991,23.3,8,53,20,37.7,2.28,0.86,0.15,0.4,15.3,0,0,0,6.2,6.2,0.12,+1.8,+1.8,Matches
71,Cole Bassett\2c8da8a1,us USA,MFFW,Colorado Rapids,19,2001,24.6,5,62,18,29,2.52,0.73,0.06,0.22,15.3,1,1,1,8.2,7.5,0.12,-3.2,-3.5,Matches
72,Zorhan Bassong\6297d826,ca CAN,DF,CF Montréal,21,1999,13.9,0,5,1,20,0.36,0.07,0,0,16.7,0,0,0,0.2,0.2,0.05,-0.2,-0.2,Matches
73,Clement Bayiha\ca9f2034,ca CAN,DF,CF Montréal,21,1999,3.2,0,0,0,,0,0,,,,0,0,0,0,0,,0,0,Matches
74,Tanner Beason\3f1b018e,us USA,DF,San Jose,23,1997,21.4,0,12,3,25,0.56,0.14,0,0,8.7,0,0,0,1.3,1.3,0.11,-1.3,-1.3,Matches
75,Alejandro Bedoya\9a6f8dfd,us USA,MF,Philadelphia,33,1987,29.5,3,36,14,38.9,1.22,0.48,0.08,0.21,13,0,0,0,4.4,4.4,0.12,-1.4,-1.4,Matches
76,Steven Beitashour\64f1680a,ir IRN,DF,Colorado Rapids,33,1987,6.5,0,0,0,,0,0,,,,0,0,0,0,0,,0,0,Matches
77,Jon Bell\658a3134,us USA,DF,New England,23,1997,9.1,1,3,2,66.7,0.33,0.22,0.33,0.5,7.7,0,0,0,0.4,0.4,0.12,+0.6,+0.6,Matches
78,George Bello\aca0a525,us USA,DF,Atlanta Utd,19,2002,27.1,1,29,9,31,1.07,0.33,0.03,0.11,16.3,0,0,0,3.2,3.2,0.11,-2.2,-2.2,Matches
79,Joe Bendik\c3e50b67,us USA,GK,Philadelphia,31,1989,2.4,0,0,0,,0,0,,,,0,0,0,0,0,,0,0,Matches
80,Nicolas Benezet\30395d3b,fr FRA,FWMF,Colorado Rapids,29,1991,3.2,0,5,1,20,1.54,0.31,0,0,17.6,0,0,0,0.6,0.6,0.12,-0.6,-0.6,Matches
81,Nicolas Benezet\30395d3b,fr FRA,FWMF,Seattle,29,1991,7.4,3,14,9,64.3,1.9,1.22,0.21,0.33,13.9,0,0,0,3,3,0.22,0,0,Matches
82,Sebastian Berhalter\f33ee427,us USA,MF,Austin FC,19,2001,7.3,0,3,0,0,0.41,0,0,,19.7,0,0,0,0.1,0.1,0.04,-0.1,-0.1,Matches
83,Robert Berić\9001138b,si SVN,FW,Chicago Fire,29,1991,24.4,8,79,25,31.6,3.24,1.02,0.1,0.32,12.2,0,0,0,11.1,11.1,0.14,-3.1,-3.1,Matches
84,Miguel Berry\a5532e80,es ESP,FW,Columbus Crew,23,1997,9.4,8,26,17,65.4,2.77,1.81,0.31,0.47,10.5,0,0,0,5.1,5.1,0.2,+2.9,+2.9,Matches
85,Matt Besler\8393a973,us USA,DF,Austin FC,33,1987,19.4,0,3,0,0,0.15,0,0,,5.6,0,0,0,0.3,0.3,0.09,-0.3,-0.3,Matches
86,Nick Besler\cc9fa1a8,us USA,MF,Real Salt Lake,27,1993,18.3,0,8,2,25,0.44,0.11,0,0,11.9,0,0,0,0.4,0.4,0.06,-0.4,-0.4,Matches
87,Janio Bikel\7d944245,pt POR,MF,Vancouver,25,1995,25.6,1,6,2,33.3,0.23,0.08,0.17,0.5,16.9,0,0,0,0.4,0.4,0.07,+0.6,+0.6,Matches
88,Steve Birnbaum\26637ac8,us USA,DF,D.C. United,30,1991,18,2,10,5,50,0.56,0.28,0.2,0.4,9,0,0,0,1.4,1.4,0.14,+0.6,+0.6,Matches
89,José Bizama\fbcb25ab,cl CHI,DF,Houston Dynamo,26,1994,1,0,0,0,,0,0,,,,0,0,0,0,0,,0,0,Matches
90,Tyler Blackett\a68a5466,eng ENG,DF,FC Cincinnati,26,1994,8.6,1,4,2,50,0.46,0.23,0.25,0.5,8,0,0,0,0.4,0.4,0.1,+0.6,+0.6,Matches
91,Jamal Blackman\dd26b605,eng ENG,GK,Los Angeles FC,27,1993,8,0,0,0,,0,0,,,,0,0,0,0,0,,0,0,Matches
92,Tristan Blackmon\7f35d14e,us USA,DF,Los Angeles FC,24,1996,14.4,1,7,1,14.3,0.49,0.07,0.14,1,11,0,0,0,0.4,0.4,0.05,+0.6,+0.6,Matches
93,Andre Blake\b3b21a11,jm JAM,GK,Philadelphia,30,1990,26,0,0,0,,0,0,,,,0,0,0,0,0,,0,0,Matches
94,Sebastián Blanco\4ddd0834,ar ARG,MFFW,Portland Timbers,32,1988,13.1,7,43,19,44.2,3.28,1.45,0.16,0.37,17.7,0,0,0,5.6,5.6,0.13,+1.4,+1.4,Matches
95,Latif Blessing\5153d32e,gh GHA,MFDF,Los Angeles FC,24,1996,24.5,2,24,9,37.5,0.98,0.37,0.08,0.22,16.1,0,0,0,2.8,2.8,0.12,-0.8,-0.8,Matches
96,Emmanuel Boateng\25f77a5f,gh GHA,MFFW,New England,27,1994,4.2,2,5,2,40,1.18,0.47,0.4,1,13.7,0,0,0,0.5,0.5,0.1,+1.5,+1.5,Matches
97,Blake Bodily\612a0951,us USA,FWDF,Portland Timbers,23,1998,2.3,0,5,2,40,2.2,0.88,0,0,17.3,0,0,0,0.2,0.2,0.05,-0.2,-0.2,Matches
98,Jonathan Bond\c3a86eea,eng ENG,GK,LA Galaxy,27,1993,31,0,0,0,,0,0,,,,0,0,0,0,0,,0,0,Matches
99,Pablo Bonilla\da23cdc3,ve VEN,DF,Portland Timbers,21,1999,15.1,0,8,1,12.5,0.53,0.07,0,0,21,0,0,0,0.3,0.3,0.04,-0.3,-0.3,Matches
100,Alex Bono\aa28a396,us USA,GK,Toronto FC,26,1994,24,0,0,0,,0,0,,,,0,0,0,0,0,,0,0,Matches
101,Jonathan Bornstein\79a6c95f,us USA,DF,Chicago Fire,36,1984,24.7,0,5,1,20,0.2,0.04,0,0,13.1,0,0,0,0.2,0.2,0.04,-0.2,-0.2,Matches
102,Gustavo Bou\3dfcc735,ar ARG,FW,New England,30,1990,25.8,15,89,33,37.1,3.45,1.28,0.16,0.42,18.9,3,1,2,10.7,9,0.1,+4.3,+5.0,Matches
103,Michael Boxall\6bfa0d3a,nz NZL,DF,Minnesota Utd,32,1988,24.3,0,9,1,11.1,0.37,0.04,0,0,7.6,0,0,0,0.8,0.8,0.09,-0.8,-0.8,Matches
104,Michael Bradley\fd5e3a73,us USA,MFDF,Toronto FC,33,1987,29.9,1,18,4,22.2,0.6,0.13,0.06,0.25,22.7,2,0,0,1,1,0.06,0,0,Matches
105,Zachary Brault-Guillard\948a58c2,ca CAN,DF,CF Montréal,22,1998,22.8,2,17,4,23.5,0.75,0.18,0.12,0.5,18.8,0,0,0,1.5,1.5,0.09,+0.5,+0.5,Matches
106,Claudio Bravo\5619c5e8,ar ARG,DF,Portland Timbers,23,1997,22.4,0,21,3,14.3,0.94,0.13,0,0,24.8,0,0,0,1,1,0.05,-1,-1,Matches
107,Brenner\279508bf,br BRA,FW,FC Cincinnati,21,2000,30.9,8,65,21,32.3,2.1,0.68,0.09,0.29,17,0,2,3,9.7,7.4,0.11,-1.7,-1.4,Matches
108,Bressan\3db1684c,br BRA,DF,FC Dallas,28,1993,19.4,1,11,1,9.1,0.57,0.05,0.09,1,12.9,0,0,0,0.9,0.9,0.08,+0.1,+0.1,Matches
109,Sebastian Breza\52e7f812,ca CAN,GK,CF Montréal,22,1998,8,0,0,0,,0,0,,,,0,0,0,0,0,,0,0,Matches
110,Frédéric Brillant\5b14180f,fr FRA,DF,D.C. United,35,1985,14.6,1,6,3,50,0.41,0.21,0.17,0.33,9.1,0,0,0,0.4,0.4,0.07,+0.6,+0.6,Matches
111,Andrew Brody\33e46323,us USA,DF,Real Salt Lake,25,1995,12,0,3,0,0,0.25,0,0,,20.8,0,0,0,0.1,0.1,0.03,-0.1,-0.1,Matches
112,Javain Brown\3d14c62e,jm JAM,DF,Vancouver,21,1999,19.3,0,17,2,11.8,0.88,0.1,0,0,14.5,0,0,0,0.7,0.7,0.04,-0.7,-0.7,Matches
113,Will Bruin\87a6ac29,us USA,FW,Seattle,31,1989,14.3,3,26,8,30.8,1.82,0.56,0.12,0.38,14.8,0,0,0,3.3,3.3,0.13,-0.3,-0.3,Matches
114,Tajon Buchanan\3aca6420,ca CAN,MFFW,New England,21,1999,19.4,8,62,21,33.9,3.2,1.08,0.13,0.38,16.2,0,0,0,4.9,4.9,0.08,+3.1,+3.1,Matches
115,Adam Buksa\3b676989,pl POL,FW,New England,24,1996,23.1,16,112,40,35.7,4.85,1.73,0.14,0.4,11.3,1,0,0,16.3,16.3,0.15,-0.3,-0.3,Matches
116,Teal Bunbury\3077fce8,us USA,FWMF,New England,30,1990,12.7,3,32,12,37.5,2.52,0.94,0.09,0.25,13.3,0,0,0,4.3,4.3,0.14,-1.3,-1.3,Matches
117,Nkosi Burgess\4a07ae31,us USA,DF,FC Dallas,23,1997,20.3,1,8,1,12.5,0.39,0.05,0.13,1,10.3,0,0,0,0.7,0.7,0.08,+0.3,+0.3,Matches
118,Cory Burke\39fde61c,jm JAM,FWMF,Philadelphia,29,1991,10.5,4,29,10,34.5,2.75,0.95,0.14,0.4,11.7,0,0,0,3.7,3.7,0.13,+0.3,+0.3,Matches
119,Evan Bush\69a57596,us USA,GK,Columbus Crew,34,1986,4,0,0,0,,0,0,,,,0,0,0,0,0,,0,0,Matches
120,Gianluca Busio\4a0b7f07,us USA,MFFW,Sporting KC,18,2002,12.8,2,27,7,25.9,2.11,0.55,0.07,0.29,22.1,6,0,0,1.9,1.9,0.07,+0.1,+0.1,Matches
121,Handwalla Bwana\b56080ee,us USA,FW,Nashville,23,1997,1.1,0,3,1,33.3,2.76,0.92,0,0,11.1,0,0,0,0.6,0.6,0.18,-0.6,-0.6,Matches
122,Brandon Bye\9fcd12af,us USA,DF,New England,25,1995,27.5,2,21,6,28.6,0.76,0.22,0.1,0.33,10.6,0,0,0,1.7,1.7,0.08,+0.3,+0.3,Matches
123,Kevin Cabral\42af215b,fr FRA,FWMF,LA Galaxy,21,1999,22.1,5,48,23,47.9,2.17,1.04,0.1,0.22,14,0,0,0,8.5,8.5,0.18,-3.5,-3.5,Matches
124,Jhonder Cádiz\e8edfdc9,ve VEN,FW,Nashville,25,1995,7.7,2,29,9,31,3.79,1.18,0.07,0.22,11.8,0,0,0,3.8,3.8,0.13,-1.8,-1.8,Matches
125,Deiber Caicedo\9bfa2f52,co COL,FWMF,Vancouver,20,2000,25,5,51,16,31.4,2.04,0.64,0.1,0.31,19.3,7,0,0,6.2,6.2,0.12,-1.2,-1.2,Matches
126,Luís Caicedo\008ddeb9,co COL,MF,New England,24,1996,2.1,0,0,0,,0,0,,,,0,0,0,0,0,,0,0,Matches
127,Scott Caldwell\4a54592d,us USA,MF,New England,29,1991,2.3,0,2,0,0,0.88,0,0,,17.5,0,0,0,0.4,0.4,0.18,-0.4,-0.4,Matches
128,Alexander Callens\af34f10d,pe PER,DF,NYCFC,28,1992,23.3,1,12,2,16.7,0.52,0.09,0.08,0.5,8.3,0,0,0,1.4,1.4,0.12,-0.4,-0.4,Matches
129,Francisco Calvo\706bd23f,cr CRC,DF,Chicago Fire,28,1992,16.2,1,20,5,25,1.24,0.31,0.05,0.2,9.2,0,0,0,1.5,1.5,0.07,-0.5,-0.5,Matches
130,Rudy Camacho\6ad16d47,fr FRA,DF,CF Montréal,29,1991,30.5,3,15,4,26.7,0.49,0.13,0.2,0.75,8.8,0,0,0,1.2,1.2,0.08,+1.8,+1.8,Matches
131,Geoff Cameron\1a160ea3,us USA,DF,FC Cincinnati,35,1985,26.3,0,12,3,25,0.46,0.11,0,0,10.6,0,0,0,0.8,0.8,0.07,-0.8,-0.8,Matches
132,George Campbell\45e1a597,us USA,DF,Atlanta Utd,19,2001,7,1,3,1,33.3,0.43,0.14,0.33,1,19,0,0,0,0.1,0.1,0.04,+0.9,+0.9,Matches
133,Russell Canouse\ec730d9a,us USA,MF,D.C. United,25,1995,19,1,21,8,38.1,1.1,0.42,0.05,0.13,13.5,0,0,0,1.8,1.8,0.09,-0.8,-0.8,Matches
134,Nathan Cardoso\d4438745,br BRA,DF,San Jose,25,1995,19.2,2,19,4,21.1,0.99,0.21,0.11,0.5,11.3,0,0,0,1.6,1.6,0.08,+0.4,+0.4,Matches
135,Antonio Carlos\949fe1e8,br BRA,DF,Orlando City,27,1993,26.8,2,17,3,17.6,0.63,0.11,0.12,0.67,9,0,0,0,0.9,0.9,0.05,+1.1,+1.1,Matches
136,Wikelman Carmona\cab97dd2,ve VEN,MFFW,NY Red Bulls,17,2003,13.7,1,35,11,31.4,2.56,0.81,0.03,0.09,23,2,0,0,2.3,2.3,0.06,-1.3,-1.3,Matches
137,Julián Carranza\3e9ae1db,ar ARG,FWMF,Inter Miami,20,2000,8.2,1,13,2,15.4,1.59,0.24,0.08,0.5,12.7,0,0,0,1.1,1.1,0.09,-0.1,-0.1,Matches
138,Adalberto Carrasquilla\f087912d,pa PAN,MF,Houston Dynamo,22,1998,6.2,1,11,4,36.4,1.77,0.65,0.09,0.25,23,0,0,0,0.6,0.6,0.05,+0.4,+0.4,Matches
139,Javier Casas\2ed8d81b,us USA,MF,Chicago Fire,17,2003,0.6,0,0,0,,0,0,,,,0,0,0,0,0,,0,0,Matches
140,Julio Cascante\cc120b4f,cr CRC,DF,Austin FC,27,1993,26.8,2,20,8,40,0.75,0.3,0.1,0.25,7.9,0,0,0,1.5,1.5,0.07,+0.5,+0.5,Matches
141,Cristian Cásseres Jr.\f86fe8c1,ve VEN,MFFW,NY Red Bulls,21,2000,22.9,6,41,16,39,1.79,0.7,0.15,0.38,19.8,4,0,0,3.3,3.3,0.08,+2.7,+2.7,Matches
142,Robert Castellanos\e620dcbb,us USA,DF,Nashville,22,1998,1,1,2,1,50,2,1,0.5,1,7.9,0,0,0,0.1,0.1,0.04,+0.9,+0.9,Matches
143,Valentín Castellanos\da76bab4,ar ARG,FW,NYCFC,22,1998,30.5,19,129,53,41.1,4.22,1.74,0.12,0.28,16.2,0,4,5,21.4,17.7,0.14,-2.4,-2.7,Matches
144,Edgar Castillo\3cdde01b,us USA,DF,FC Cincinnati,34,1986,10.8,1,8,1,12.5,0.74,0.09,0.13,1,24.2,0,0,0,0.4,0.4,0.05,+0.6,+0.6,Matches
145,Juan Castillo\bd538c54,us USA,MF,Houston Dynamo,16,2004,0.1,0,1,0,0,7.5,0,0,,20,0,0,0,0,0,0.03,0,0,Matches
146,Lucas Cavallini\dd8de641,ca CAN,FW,Vancouver,28,1992,13.7,3,32,14,43.8,2.34,1.02,0.09,0.21,14.4,2,0,0,3.5,3.5,0.11,-0.5,-0.5,Matches
147,Darwin Cerén\a58de3f0,sv SLV,MF,Houston Dynamo,31,1989,13.4,0,6,1,16.7,0.45,0.07,0,0,22.3,0,0,0,0.3,0.3,0.05,-0.3,-0.3,Matches
148,Edwin Cerrillo\bd060315,us USA,MF,FC Dallas,20,2000,15.4,0,3,0,0,0.19,0,0,,24.2,0,0,0,0.1,0.1,0.02,-0.1,-0.1,Matches
149,Maikel Chang\04cc9edd,cu CUB,DFMF,Real Salt Lake,29,1991,12.1,2,13,8,61.5,1.07,0.66,0.15,0.25,21.6,0,0,0,1.2,1.2,0.09,+0.8,+0.8,Matches
150,Maxime Chanot\ca366055,lu LUX,DF,NYCFC,31,1989,28.9,0,19,2,10.5,0.66,0.07,0,0,14.7,0,0,0,1.1,1.1,0.06,-1.1,-1.1,Matches
151,Jay Chapman\3bb4d381,ca CAN,MFFW,Inter Miami,27,1994,13.2,0,9,5,55.6,0.68,0.38,0,0,17.5,0,0,0,0.4,0.4,0.04,-0.4,-0.4,Matches
152,Diego Chará\6260cc9d,co COL,MF,Portland Timbers,34,1986,27.2,2,4,2,50,0.15,0.07,0.5,1,19.3,0,0,0,0.4,0.4,0.09,+1.6,+1.6,Matches
153,Yimmi Chará\9df9baab,co COL,FWMF,Portland Timbers,29,1991,25.7,6,44,15,34.1,1.71,0.58,0.14,0.4,16.2,2,0,0,4.9,4.9,0.11,+1.1,+1.1,Matches
154,Justin Che\3c569f37,us USA,DF,FC Dallas,17,2003,11.3,0,5,0,0,0.44,0,0,,26.3,0,0,0,0.2,0.2,0.04,-0.2,-0.2,Matches
155,Mathieu Choiniere\017459bb,ca CAN,DF,CF Montréal,21,1999,22,2,17,6,35.3,0.77,0.27,0.12,0.33,20.1,0,0,0,1.2,1.2,0.07,+0.8,+0.8,Matches
156,Léo Chú\d88ebbe9,br BRA,FWMF,Seattle,20,2000,1.7,1,5,3,60,2.94,1.76,0.2,0.33,13.4,0,0,0,0.6,0.6,0.11,+0.4,+0.4,Matches
157,José Cifuentes\8c8c07a7,ec ECU,MF,Los Angeles FC,21,1999,25.7,5,64,16,25,2.49,0.62,0.08,0.31,18.9,2,0,0,6.2,6.2,0.1,-1.2,-1.2,Matches
158,Abdoulaye Cissoko\52a6ef30,fr FRA,DF,Seattle,21,1999,10.7,0,6,1,16.7,0.56,0.09,0,0,9.1,0,0,0,0.8,0.8,0.13,-0.8,-0.8,Matches
159,Caden Clark\6e327d0d,us USA,MFFW,NY Red Bulls,17,2003,16.7,4,23,9,39.1,1.38,0.54,0.17,0.44,18.9,0,0,0,2.4,2.4,0.1,+1.6,+1.6,Matches
160,Steve Clark\ed6320b7,us USA,GK,Portland Timbers,34,1986,23.3,0,0,0,,0,0,,,,0,0,0,0,0,,0,0,Matches
161,Stefan Cleveland\873fdbdf,us USA,GK,Seattle,26,1994,15,0,0,0,,0,0,,,,0,0,0,0,0,,0,0,Matches
162,Elliot Collier\5804f03b,nz NZL,FWMF,Chicago Fire,25,1995,3.7,0,7,2,28.6,1.88,0.54,0,0,13.2,0,0,0,0.9,0.9,0.12,-0.9,-0.9,Matches
163,Jackson Conway\1cfa6e1a,us USA,FWMF,Atlanta Utd,19,2001,2.7,1,8,3,37.5,3.01,1.13,0.13,0.33,11.1,0,0,0,1,1,0.13,0,0,Matches
164,Derek Cornelius\577744b8,ca CAN,DFFW,Vancouver,23,1997,1.6,0,2,0,0,1.24,0,0,,18.1,0,0,0,0,0,0.02,0,0,Matches
165,Joe Corona\470cd24b,us USA,MF,Houston Dynamo,30,1990,19.2,0,21,2,9.5,1.09,0.1,0,0,20.6,3,0,0,1.3,1.3,0.06,-1.3,-1.3,Matches
166,Carlos Coronel\5c07e176,br BRA,GK,NY Red Bulls,24,1996,34,0,0,0,,0,0,,,,0,0,0,0,0,,0,0,Matches
167,Séga Coulibaly\dab9537e,fr FRA,DF,LA Galaxy,24,1996,15.8,0,2,0,0,0.13,0,0,,6.5,0,0,0,0.2,0.2,0.1,-0.2,-0.2,Matches
168,Cade Cowell\f8e95f87,us USA,FWMF,San Jose,17,2003,18.6,5,43,19,44.2,2.32,1.02,0.12,0.26,15.7,0,0,0,4.8,4.8,0.11,+0.2,+0.2,Matches
169,Maxime Crépeau\ea42e480,ca CAN,GK,Vancouver,26,1994,27,0,0,0,,0,0,,,,0,0,0,0,0,,0,0,Matches
170,Daniel Crisostomo\33fdd2aa,us USA,MF,Los Angeles FC,24,1997,4.4,0,2,0,0,0.46,0,0,,23.2,0,0,0,0.1,0.1,0.03,-0.1,-0.1,Matches
171,Cody Cropper\aa133046,us USA,GK,FC Cincinnati,27,1993,1,0,0,0,,0,0,,,,0,0,0,0,0,,0,0,Matches
172,Allan Cruz\030105a5,cr CRC,MF,FC Cincinnati,24,1996,18.3,1,29,5,17.2,1.58,0.27,0.03,0.2,19.7,0,0,0,2.6,2.6,0.09,-1.6,-1.6,Matches
173,Cristián Dajome\a065e877,co COL,FWDF,Vancouver,27,1994,29.7,10,55,17,30.9,1.85,0.57,0.11,0.35,16.9,1,4,4,9.3,6.3,0.11,+0.7,-0.3,Matches
174,Jürgen Damm\bbf8bf7a,mx MEX,FWDF,Atlanta Utd,28,1992,1.8,0,1,0,0,0.56,0,0,,16,0,0,0,0,0,0.04,0,0,Matches
175,Jesús Daniel Bueno\b5687b08,ve VEN,MF,Philadelphia,21,1999,0.3,0,0,0,,0,0,,,,0,0,0,0,0,,0,0,Matches
176,Mario Daniel Vega\6904a59a,ar ARG,GK,San Jose,36,1984,1,0,0,0,,0,0,,,,0,0,0,0,0,,0,0,Matches
177,Abu Danladi\507383d1,gh GHA,FWMF,Nashville,25,1995,1.1,1,7,5,71.4,6.63,4.74,0.14,0.2,10.8,0,0,0,1.4,1.4,0.2,-0.4,-0.4,Matches
178,Toni Datković\0893e14b,hr CRO,DF,Real Salt Lake,27,1993,6.5,0,1,1,100,0.15,0.15,0,0,7.1,0,0,0,0.1,0.1,0.05,-0.1,-0.1,Matches
179,Jacob Davis\79d3a503,us USA,MF,Sporting KC,19,2002,0,0,0,0,,0,0,,,,0,0,0,0,0,,0,0,Matches
180,Sean Davis\cb75cac9,us USA,MF,NY Red Bulls,27,1993,34,0,11,4,36.4,0.32,0.12,0,0,21,0,0,0,0.4,0.4,0.04,-0.4,-0.4,Matches
181,Matheus Davó\e48e1310,br BRA,FWMF,Philadelphia,21,1999,0.2,0,2,1,50,9.47,4.74,0,0,20.5,0,0,0,0.1,0.1,0.03,-0.1,-0.1,Matches
182,Alex DeJohn\2a6c024c,us USA,DF,Atlanta Utd,29,1991,1.4,0,1,1,100,0.72,0.72,0,0,11,0,0,0,0.1,0.1,0.14,-0.1,-0.1,Matches
183,A.J. DeLaGarza\171b3c37,gu GUM,DF,New England,33,1987,5.6,0,2,0,0,0.36,0,0,,15.3,0,0,0,0.3,0.3,0.13,-0.3,-0.3,Matches
184,Jordy Delem\12e3a5f4,mq MTQ,MFDF,Seattle,27,1993,0.4,0,0,0,,0,0,,,,0,0,0,0,0,,0,0,Matches
185,Nick DeLeon\21490b0d,us USA,MFFW,Toronto FC,30,1990,7,1,17,7,41.2,2.42,1,0.06,0.14,17.8,0,0,0,1.4,1.4,0.08,-0.4,-0.4,Matches
186,Marky Delgado\7f6a25b7,us USA,MFFW,Toronto FC,25,1995,26.3,3,17,7,41.2,0.65,0.27,0.12,0.29,18.7,0,1,1,2.3,1.6,0.09,+0.7,+0.4,Matches
187,Nick DePuy\ba7b4e67,us USA,DF,LA Galaxy,26,1994,20.7,0,11,4,36.4,0.53,0.19,0,0,11,0,0,0,0.9,0.9,0.09,-0.9,-0.9,Matches
188,Silvester van der Water\5d83500d,nl NED,FWMF,Orlando City,24,1996,10.9,3,26,8,30.8,2.39,0.74,0.12,0.38,17.5,0,0,0,3,3,0.11,0,0,Matches
189,Joey DeZart\9d7142a6,us USA,MF,Orlando City,22,1998,6.3,0,1,0,0,0.16,0,0,,21.2,0,0,0,0.1,0.1,0.05,-0.1,-0.1,Matches
190,Amadou Dia\1650e261,us USA,DF,Sporting KC,27,1993,1.2,0,0,0,,0,0,,,,0,0,0,0,0,,0,0,Matches
191,Youba Diarra\d61759ec,ml MLI,MF,NY Red Bulls,22,1998,1.4,0,2,0,0,1.45,0,0,,30,0,0,0,0,0,0.02,0,0,Matches
192,Luis Díaz\1c9838aa,cr CRC,FW,Columbus Crew,22,1998,10.9,1,21,6,28.6,1.92,0.55,0.05,0.17,17,0,0,0,2.5,2.5,0.12,-1.5,-1.5,Matches
193,Bakaye Dibassy\247accfd,ml MLI,DF,Minnesota Utd,31,1989,25.9,1,18,6,33.3,0.69,0.23,0.06,0.17,17.5,0,0,0,1.2,1.2,0.07,-0.2,-0.2,Matches
194,Daryl Dike\d4cfc93c,us USA,FW,Orlando City,20,2000,14.7,10,30,13,43.3,2.05,0.89,0.23,0.54,11.8,0,3,3,6.6,4.3,0.14,+3.4,+2.7,Matches
195,Clément Diop\0d5c0218,sn SEN,GK,CF Montréal,27,1993,8,0,0,0,,0,0,,,,0,0,0,0,0,,0,0,Matches
196,Moussa Djitte\627b570a,sn SEN,FW,Austin FC,21,1999,6.7,1,12,7,58.3,1.79,1.04,0.08,0.14,14.3,0,0,0,1.1,1.1,0.09,-0.1,-0.1,Matches
197,Ethan Dobbelaere\1e772b7c,us USA,DFMF,Seattle,18,2002,2,0,0,0,,0,0,,,,0,0,0,0,0,,0,0,Matches
198,Cecilio Domínguez\3162d667,py PAR,FW,Austin FC,26,1994,26.3,7,63,30,47.6,2.39,1.14,0.1,0.2,16.7,3,1,2,9.5,8,0.13,-2.5,-2,Matches
199,Irakoze Donasiyano\6195efdb,us USA,MF,Nashville,22,1998,0.3,0,0,0,,0,0,,,,0,0,0,0,0,,0,0,Matches
200,Griffin Dorsey\c182ca04,us USA,FWDF,Houston Dynamo,21,1999,16.5,2,26,7,26.9,1.58,0.43,0.08,0.29,15.3,0,0,0,2.4,2.4,0.09,-0.4,-0.4,Matches
201,Jonathan dos Santos\91872dec,mx MEX,MF,LA Galaxy,30,1990,20.1,1,18,1,5.6,0.9,0.05,0.06,1,26.4,0,0,0,0.9,0.9,0.05,+0.1,+0.1,Matches
202,Hassani Dotson\8f2af1ed,us USA,MFFW,Minnesota Utd,23,1997,26.3,2,52,13,25,1.97,0.49,0.04,0.15,20,1,0,0,3.8,3.8,0.07,-1.8,-1.8,Matches
203,Josh Drack\98a70879,us USA,MF,LA Galaxy,21,1999,0,0,0,0,,0,0,,,,0,0,0,0,0,,0,0,Matches
204,Sebastián Driussi\60e86875,ar ARG,MFFW,Austin FC,24,1996,15.3,5,40,16,40,2.62,1.05,0.13,0.31,16.9,1,0,0,5,5,0.13,0,0,Matches
205,Bryce Duke\59557625,us USA,MFFW,Los Angeles FC,19,2001,5.1,0,6,1,16.7,1.17,0.2,0,0,25.4,1,0,0,0.2,0.2,0.04,-0.2,-0.2,Matches
206,Cameron Duke\c679d9fd,us USA,MFDF,Sporting KC,19,2001,7.4,2,7,4,57.1,0.95,0.54,0.29,0.5,14.8,0,0,0,1,1,0.15,+1.0,+1.0,Matches
207,Cameron Dunbar\a8734f4a,us USA,FWMF,LA Galaxy,18,2002,3.3,0,3,2,66.7,0.92,0.61,0,0,19.7,0,0,0,0.2,0.2,0.08,-0.2,-0.2,Matches
208,Kyle Duncan\575e6cb1,us USA,DF,NY Red Bulls,23,1997,28.9,1,18,6,33.3,0.62,0.21,0.06,0.17,22.2,0,0,0,1.3,1.3,0.07,-0.3,-0.3,Matches
209,Julian Dunn-Johnson\220b5800,ca CAN,DF,Toronto FC,20,2000,1,0,1,0,0,1,0,0,,10,0,0,0,0,0,0.04,0,0,Matches
210,Chris Duvall\39fae08b,us USA,DF,FC Cincinnati,29,1991,1,0,0,0,,0,0,,,,0,0,0,0,0,,0,0,Matches
211,Dom Dwyer\bdfc15f8,us USA,FW,Toronto FC,30,1990,5.5,0,9,0,0,1.63,0,0,,15.2,1,0,0,1.2,1.2,0.13,-1.2,-1.2,Matches
212,Jeremy Ebobisse\5fa7b2ec,us USA,FWMF,Portland Timbers,23,1997,10.5,4,22,11,50,2.1,1.05,0.18,0.36,12.2,0,0,0,3.9,3.9,0.18,+0.1,+0.1,Matches
213,Jeremy Ebobisse\5fa7b2ec,us USA,FW,San Jose,23,1997,8.4,1,26,15,57.7,3.09,1.78,0.04,0.07,16.1,0,0,0,3.3,3.3,0.13,-2.3,-2.3,Matches
214,Javier Eduardo López\f851b52f,mx MEX,MFFW,San Jose,26,1994,25,12,52,22,42.3,2.08,0.88,0.21,0.5,21.4,3,1,1,6,5.3,0.1,+6.0,+5.7,Matches
215,Raheem Edwards\b828d56a,ca CAN,DFMF,Los Angeles FC,25,1995,15.3,0,28,8,28.6,1.83,0.52,0,0,15.4,1,0,0,3.2,3.2,0.12,-3.2,-3.2,Matches
216,Tom Edwards\1b780599,eng ENG,DF,NY Red Bulls,22,1999,21.7,0,12,6,50,0.55,0.28,0,0,28.8,1,0,0,0.4,0.4,0.03,-0.4,-0.4,Matches
217,Mandela Egbo\5603d397,eng ENG,DF,NY Red Bulls,23,1997,0.3,0,0,0,,0,0,,,,0,0,0,0,0,,0,0,Matches
218,Jack Elliott\041deebd,eng ENG,DF,Philadelphia,25,1995,33,2,30,7,23.3,0.91,0.21,0.07,0.29,12.3,2,0,0,3.4,3.4,0.11,-1.4,-1.4,Matches
219,Kalil ElMedkhar\272c1aaf,us USA,FWMF,FC Dallas,21,1999,1.4,0,0,0,,0,0,,,,0,0,0,0,0,,0,0,Matches
220,Tsubasa Endoh\46dca6e8,jp JPN,FWMF,Toronto FC,27,1993,5.7,1,3,2,66.7,0.53,0.35,0.33,0.5,23.7,0,0,0,0.1,0.1,0.03,+0.9,+0.9,Matches
221,Adam Esparza\ca135560,us USA,MF,LA Galaxy,18,2002,7.5,0,3,2,66.7,0.4,0.27,0,0,21.9,0,0,0,0.2,0.2,0.06,-0.2,-0.2,Matches
222,Cristian Espinoza\9c794a80,ar ARG,FWMF,San Jose,25,1995,24.7,3,53,17,32.1,2.14,0.69,0.06,0.18,20.9,3,0,1,5.2,4.4,0.08,-2.2,-1.4,Matches
223,Jhon Espinoza\79666d5a,ec ECU,DF,Chicago Fire,21,1999,9,0,10,3,30,1.11,0.33,0,0,18.3,0,0,0,0.8,0.8,0.08,-0.8,-0.8,Matches
224,Roger Espinoza\60b7c195,hn HON,MF,Sporting KC,34,1986,23.2,0,25,6,24,1.08,0.26,0,0,18.5,0,0,0,2.3,2.3,0.09,-2.3,-2.3,Matches
225,Lucas Esteves\c6ec0258,br BRA,DF,Colorado Rapids,20,2000,10.3,1,17,5,29.4,1.65,0.49,0.06,0.2,19,1,0,0,1.9,1.9,0.11,-0.9,-0.9,Matches
226,Derrick Etienne\59059f1e,ht HAI,FWMF,Columbus Crew,24,1996,20.5,1,27,9,33.3,1.32,0.44,0.04,0.11,16,0,0,0,2.2,2.2,0.08,-1.2,-1.2,Matches
227,Fábio\30f90535,br BRA,FWMF,NY Red Bulls,23,1997,24.3,7,85,16,18.8,3.5,0.66,0.08,0.44,15.3,0,0,0,8.6,8.6,0.1,-1.6,-1.6,Matches
228,Diego Fagúndez\fe81682e,uy URU,MFFW,Austin FC,25,1995,28.1,7,49,21,42.9,1.74,0.75,0.14,0.33,16.4,2,0,0,5.9,5.9,0.12,+1.1,+1.1,Matches
229,Mamadou Fall\805a2a11,sn SEN,DF,Los Angeles FC,18,2002,16.8,4,18,6,33.3,1.07,0.36,0.22,0.67,12.8,0,0,0,1.8,1.8,0.1,+2.2,+2.2,Matches
230,Marco Farfan\cfc68595,us USA,DF,Los Angeles FC,22,1998,19.5,0,6,0,0,0.31,0,0,,14.8,0,0,0,0.5,0.5,0.08,-0.5,-0.5,Matches
231,Andrew Farrell\71eda165,us USA,DF,New England,28,1992,33,0,1,0,0,0.03,0,0,,20,0,0,0,0.1,0.1,0.09,-0.1,-0.1,Matches
232,Felipe\2415bd0a,br BRA,MF,D.C. United,30,1990,12.6,1,14,6,42.9,1.11,0.48,0.07,0.17,21.8,2,0,0,0.8,0.8,0.06,+0.2,+0.2,Matches
233,Omir Fernandez\622986f0,us USA,FWMF,NY Red Bulls,21,1999,8.6,3,21,10,47.6,2.45,1.16,0.14,0.3,13.9,0,0,0,3.5,3.5,0.16,-0.5,-0.5,Matches
234,Jesus Ferreira\f61246d8,us USA,MF,FC Dallas,20,2000,24.9,8,56,23,41.1,2.25,0.92,0.14,0.35,19.7,4,0,0,6.7,6.7,0.12,+1.3,+1.3,Matches
235,Carlos Fierro\bbd2b6b7,mx MEX,FWMF,San Jose,26,1994,12.9,3,24,9,37.5,1.86,0.7,0.13,0.33,14.4,1,0,0,4.3,4.3,0.18,-1.3,-1.3,Matches
236,Jorge Figal\91e44066,ar ARG,DF,Inter Miami,26,1994,22.3,1,10,4,40,0.45,0.18,0.1,0.25,9.3,0,0,0,0.9,0.9,0.09,+0.1,+0.1,Matches
237,Maynor Figueroa\d8524b21,hn HON,DF,Houston Dynamo,37,1983,9.1,0,14,1,7.1,1.54,0.11,0,0,22.6,2,0,0,0.9,0.9,0.07,-0.9,-0.9,Matches
238,Stuart Findlay\edffe99a,sct SCO,DF,Philadelphia,25,1995,4.2,0,2,1,50,0.48,0.24,0,0,7.1,0,0,0,0.3,0.3,0.14,-0.3,-0.3,Matches
239,Ethan Finlay\c16a59af,us USA,FW,Minnesota Utd,30,1990,19.1,3,27,10,37,1.41,0.52,0.11,0.3,13.5,0,0,0,3.3,3.3,0.12,-0.3,-0.3,Matches
240,Oniel Fisher\ed5fdca6,jm JAM,DF,LA Galaxy,29,1991,5.4,0,2,0,0,0.37,0,0,,28.2,0,0,0,0,0,0.02,0,0,Matches
241,Leon Flach\39859fa1,us USA,MF,Philadelphia,19,2001,29.3,1,20,4,20,0.68,0.14,0.05,0.25,18,0,0,0,1.5,1.5,0.07,-0.5,-0.5,Matches
242,Edison Flores\ef2c82f8,pe PER,FWMF,D.C. United,26,1994,10.8,2,37,10,27,3.43,0.93,0.05,0.2,17.5,2,0,0,3,3,0.08,-1,-1,Matches
243,George Fochive\f99000bb,us USA,MF,Portland Timbers,28,1992,11.5,2,11,4,36.4,0.96,0.35,0.18,0.5,16.1,0,0,0,1,1,0.09,+1.0,+1.0,Matches
244,Anthony Fontana\1f34358e,us USA,MFFW,Philadelphia,21,1999,3.9,0,6,2,33.3,1.54,0.51,0,0,15.1,0,0,0,1.1,1.1,0.19,-1.1,-1.1,Matches
245,Andreu Fontàs\0f138d5a,es ESP,DF,Sporting KC,31,1989,33,0,14,3,21.4,0.42,0.09,0,0,11.7,0,0,0,1.9,1.9,0.14,-1.9,-1.9,Matches
246,Franco Fragapane\09538c47,ar ARG,FWMF,Minnesota Utd,27,1993,17,5,28,10,35.7,1.65,0.59,0.18,0.5,13.3,0,0,1,6.1,5.4,0.19,-1.1,-0.4,Matches
247,Waylon Francis\a3a1849f,cr CRC,DF,Columbus Crew,30,1990,14.9,0,1,0,0,0.07,0,0,,15.6,0,0,0,0,0,0.02,0,0,Matches
248,Alan Franco\a548281c,ar ARG,DF,Atlanta Utd,24,1996,22.4,0,13,3,23.1,0.58,0.13,0,0,10.5,0,0,0,0.4,0.4,0.03,-0.4,-0.4,Matches
249,Przemysław Frankowski\00a8d210,pl POL,FWMF,Chicago Fire,25,1995,11.8,2,27,8,29.6,2.29,0.68,0.07,0.25,15.3,0,0,0,3.9,3.9,0.14,-1.9,-1.9,Matches
250,Liam Fraser\d784062b,ca CAN,MF,Columbus Crew,22,1998,12.7,0,5,3,60,0.4,0.24,0,0,20,0,0,0,0.2,0.2,0.04,-0.2,-0.2,Matches
251,Liam Fraser\d784062b,ca CAN,MF,Toronto FC,22,1998,0.4,0,0,0,,0,0,,,,0,0,0,0,0,,0,0,Matches
252,Matt Freese\2f49476c,us USA,GK,Philadelphia,22,1998,5.6,0,0,0,,0,0,,,,0,0,0,0,0,,0,0,Matches
253,Stefan Frei\1d0a0f3e,ch SUI,GK,Seattle,34,1986,17,0,0,0,,0,0,,,,0,0,0,0,0,,0,0,Matches
254,Alejandro Fuenmayor\77edb7ec,ve VEN,DF,Houston Dynamo,24,1996,3,0,0,0,,0,0,,,,0,0,0,0,0,,0,0,Matches
255,McKinze Gaines\8ef72983,us USA,FW,Austin FC,22,1998,2.4,1,5,3,60,2.12,1.27,0.2,0.33,14.5,0,0,0,0.8,0.8,0.16,+0.2,+0.2,Matches
256,Jon Gallagher\9d5afdfb,ie IRL,FWMF,Austin FC,24,1996,14.1,3,23,8,34.8,1.63,0.57,0.13,0.38,11.1,0,0,0,4.1,4.1,0.18,-1.1,-1.1,Matches
257,Pedro Gallese\b76e1394,pe PER,GK,Orlando City,30,1990,22,0,0,0,,0,0,,,,0,0,0,0,0,,0,0,Matches
258,Braian Galván\bbfbd4d3,ar ARG,DFMF,Colorado Rapids,20,2000,13.4,2,18,9,50,1.35,0.67,0.11,0.22,22.3,1,0,0,0.9,0.9,0.05,+1.1,+1.1,Matches
259,Boniek García\889ce425,hn HON,DFMF,Houston Dynamo,36,1984,7.9,0,5,0,0,0.64,0,0,,20.5,0,0,0,0.1,0.1,0.03,-0.1,-0.1,Matches
260,Bruno Gaspar\55ae91f0,ao ANG,DF,Vancouver,27,1993,9.9,1,5,2,40,0.51,0.2,0.2,0.5,18.1,0,0,0,1,1,0.19,0,0,Matches
261,Chase Gasper\7371ec36,us USA,DF,Minnesota Utd,25,1996,29.2,1,21,2,9.5,0.72,0.07,0.05,0.5,16.5,0,0,0,1.6,1.6,0.08,-0.6,-0.6,Matches
262,Ryan Gauld\862e93c2,sct SCO,MFFW,Vancouver,25,1995,14.5,4,37,19,51.4,2.55,1.31,0.11,0.21,16.5,2,0,0,4.6,4.6,0.12,-0.6,-0.6,Matches
263,Dániel Gazdag\527d0e31,hu HUN,MFFW,Philadelphia,24,1996,14.8,4,33,12,36.4,2.23,0.81,0.09,0.25,14.3,0,1,1,5.6,4.9,0.15,-1.6,-1.9,Matches
264,Kieran Gibbs\46ee5234,eng ENG,DF,Inter Miami,31,1989,7.7,1,7,2,28.6,0.91,0.26,0.14,0.5,17.1,0,0,0,0.3,0.3,0.04,+0.7,+0.7,Matches
265,Carles Gil\11c30a46,es ESP,MF,New England,28,1992,25.4,4,53,19,35.8,2.09,0.75,0.06,0.16,20.2,9,1,1,5.3,4.6,0.09,-1.3,-1.6,Matches
266,José Antonio Martínez Gil\8e049cbd,es ESP,DF,FC Dallas,27,1993,16.7,0,8,2,25,0.48,0.12,0,0,16.4,0,0,0,0.4,0.4,0.05,-0.4,-0.4,Matches
267,Gastón Giménez\ab66cc31,py PAR,MF,Chicago Fire,29,1991,21.7,2,35,11,31.4,1.61,0.51,0.06,0.18,26.5,1,0,0,1.3,1.3,0.04,+0.7,+0.7,Matches
268,Francisco Ginella\5a28a782,uy URU,MF,Los Angeles FC,22,1999,9.8,0,10,4,40,1.02,0.41,0,0,20.4,0,0,0,0.7,0.7,0.07,-0.7,-0.7,Matches
269,Justen Glad\5b768b0f,us USA,DF,Real Salt Lake,23,1997,31,2,15,5,33.3,0.48,0.16,0.13,0.4,8.8,0,0,0,1.4,1.4,0.1,+0.6,+0.6,Matches
270,Jakob Glesnes\ac65aef3,no NOR,DF,Philadelphia,26,1994,34,3,21,5,23.8,0.62,0.15,0.14,0.6,17.4,3,0,0,1.3,1.3,0.06,+1.7,+1.7,Matches
271,Chris Gloster\01cd3c12,us USA,DF,NYCFC,20,2000,0.8,0,0,0,,0,0,,,,0,0,0,0,0,,0,0,Matches
272,Marcus Godinho\27854bf6,ca CAN,DF,Vancouver,23,1997,1.3,0,1,0,0,0.78,0,0,,17.5,0,0,0,0.1,0.1,0.06,-0.1,-0.1,Matches
273,Aníbal Godoy\2d496ca3,pa PAN,MF,Nashville,30,1990,22.4,0,12,3,25,0.53,0.13,0,0,19.3,0,0,0,1,1,0.09,-1,-1,Matches
274,Erik Godoy\e8b80334,ar ARG,DF,Vancouver,27,1993,14.5,1,6,1,16.7,0.41,0.07,0.17,1,9.3,0,0,0,0.5,0.5,0.09,+0.5,+0.5,Matches
275,Yeimar Gómez Andrade\e43c8d72,co COL,DF,Seattle,28,1992,29.6,1,19,3,15.8,0.64,0.1,0.05,0.33,9,0,0,0,1.2,1.2,0.06,-0.2,-0.2,Matches
276,Leandro González Pirez\5ba1112c,ar ARG,DF,Inter Miami,28,1992,29.5,0,18,5,27.8,0.61,0.17,0,0,11.9,0,0,0,1.2,1.2,0.07,-1.2,-1.2,Matches
277,Omar Gonzalez\0d2fe665,us USA,DF,Toronto FC,32,1988,25.5,3,10,5,50,0.39,0.2,0.3,0.6,7.6,0,0,0,1.4,1.4,0.14,+1.6,+1.6,Matches
278,Samuel Grandsir\d2448564,fr FRA,FWMF,LA Galaxy,24,1996,23.1,3,58,19,32.8,2.51,0.82,0.05,0.16,17.4,0,0,0,5.2,5.2,0.09,-2.2,-2.2,Matches
279,Tayvon Gray\c839e1b2,us USA,DF,NYCFC,18,2002,4.2,0,3,1,33.3,0.71,0.24,0,0,15.4,0,0,0,0.2,0.2,0.06,-0.2,-0.2,Matches
280,Gregore\49815f34,br BRA,MF,Inter Miami,26,1994,28.2,0,8,3,37.5,0.28,0.11,0,0,24.1,0,0,0,0.4,0.4,0.05,-0.4,-0.4,Matches
281,Ján Greguš\7d974435,sk SVK,MF,Minnesota Utd,30,1991,8.6,0,12,1,8.3,1.4,0.12,0,0,21.6,1,0,0,0.4,0.4,0.03,-0.4,-0.4,Matches
282,Julian Gressel\acd47bc0,de GER,DF,D.C. United,27,1993,29.9,2,47,11,23.4,1.57,0.37,0.04,0.18,23,8,0,0,3.2,3.2,0.07,-1.2,-1.2,Matches
283,Adam Grinwis\0d3f30b9,us USA,GK,Orlando City,28,1992,2,0,0,0,,0,0,,,,0,0,0,0,0,,0,0,Matches
284,Sami Guediri\e3dc71a7,us USA,DF,Inter Miami,23,1997,2.3,0,2,0,0,0.86,0,0,,23.3,0,0,0,0.1,0.1,0.03,-0.1,-0.1,Matches
285,Jack Gurr\2ade3d9e,eng ENG,DF,Atlanta Utd,25,1995,0.5,0,0,0,,0,0,,,,0,0,0,0,0,,0,0,Matches
286,Brian Gutiérrez\d88f31db,us USA,FWMF,Chicago Fire,17,2003,6.7,0,15,4,26.7,2.25,0.6,0,0,19.7,0,0,0,1.1,1.1,0.07,-1.1,-1.1,Matches
287,Cristián Gutiérrez\6e56a4f2,cl CHI,DF,Vancouver,23,1997,17.2,0,4,0,0,0.23,0,0,,29.3,1,0,0,0.1,0.1,0.02,-0.1,-0.1,Matches
288,Andrew Gutman\b7a23251,us USA,DF,NY Red Bulls,24,1996,20.4,2,15,4,26.7,0.74,0.2,0.13,0.5,17.6,0,0,0,1,1,0.07,+1.0,+1.0,Matches
289,Brad Guzan\d899e3bf,us USA,GK,Atlanta Utd,36,1984,29,0,0,0,,0,0,,,,0,0,0,0,0,,0,0,Matches
290,Joe Gyau\3511b4f8,us USA,DFFW,FC Cincinnati,28,1992,18.5,0,11,3,27.3,0.6,0.16,0,0,22.9,0,0,0,0.5,0.5,0.04,-0.5,-0.5,Matches
291,Luke Haakenson\77d28e45,us USA,MFFW,Nashville,23,1997,4,2,12,6,50,2.98,1.49,0.17,0.33,13.3,0,0,0,1.8,1.8,0.15,+0.2,+0.2,Matches
292,Kamron Habibullah\4deda098,ca CAN,MFFW,Vancouver,17,2003,0.4,0,0,0,,0,0,,,,0,0,0,0,0,,0,0,Matches
293,Teenage Hadebe\582952f2,zw ZIM,DF,Houston Dynamo,25,1995,16.5,0,7,0,0,0.42,0,0,,10.4,0,0,0,0.3,0.3,0.04,-0.3,-0.3,Matches
294,Nick Hagglund\39632554,us USA,DF,FC Cincinnati,28,1992,18.6,1,15,4,26.7,0.81,0.22,0.07,0.25,8.8,0,0,0,0.9,0.9,0.06,+0.1,+0.1,Matches
295,Marlon Hairston\1d531c57,us USA,MF,Columbus Crew,26,1994,14.4,0,9,2,22.2,0.62,0.14,0,0,12.6,0,0,0,1.3,1.3,0.14,-1.3,-1.3,Matches
296,Siad Haji\9212f1cb,so SOM,FWMF,San Jose,21,1999,0.5,0,2,0,0,3.67,0,0,,20.2,0,0,0,0.1,0.1,0.03,-0.1,-0.1,Matches
297,Michael Halliday\6ad5f50e,us USA,DF,Orlando City,18,2003,4.2,0,2,0,0,0.47,0,0,,13.9,0,0,0,0.1,0.1,0.04,-0.1,-0.1,Matches
298,Niko Hämäläinen\4435db1e,fi FIN,DF,LA Galaxy,23,1997,12.7,0,7,1,14.3,0.55,0.08,0,0,22.3,0,0,0,0.2,0.2,0.03,-0.2,-0.2,Matches
299,Ahmed Hamdi\fc7c8d3d,eg EGY,MF,CF Montréal,22,1998,9.9,2,17,5,29.4,1.72,0.51,0.12,0.4,17.7,0,0,0,1.4,1.4,0.09,+0.6,+0.6,Matches
300,Bill Hamid\012fc030,us USA,GK,D.C. United,30,1990,20.2,0,0,0,,0,0,,,,0,0,0,0,0,,0,0,Matches
301,Niko Hansen\9bebd450,dk DEN,MFFW,Minnesota Utd,26,1994,5,1,11,4,36.4,2.21,0.8,0.09,0.25,13.6,0,0,0,1.7,1.7,0.15,-0.7,-0.7,Matches
302,Cameron Harper\4a78c769,us USA,FWDF,NY Red Bulls,19,2001,1.1,0,1,0,0,0.9,0,0,,15,0,0,0,0.1,0.1,0.06,-0.1,-0.1,Matches
303,Nathan Harriel\b3edbeff,us USA,DF,Philadelphia,19,2001,2,0,1,1,100,0.5,0.5,0,0,5,0,0,0,0.3,0.3,0.34,-0.3,-0.3,Matches
304,Calvin Harris\07b0aeef,eng ENG,MFFW,FC Cincinnati,20,2000,5,0,6,4,66.7,1.19,0.79,0,0,20.5,0,0,0,0.4,0.4,0.06,-0.4,-0.4,Matches
305,Wilson Harris\ca0756aa,us USA,FW,Sporting KC,21,1999,2,0,3,2,66.7,1.52,1.01,0,0,16.6,0,0,0,0.2,0.2,0.07,-0.2,-0.2,Matches
306,Carlos Harvey\3f18600c,pa PAN,MF,LA Galaxy,20,2000,1.5,0,0,0,,0,0,,,,0,0,0,0,0,,0,0,Matches
307,Jordan Harvey\bb78f8a5,us USA,DF,Los Angeles FC,37,1984,0.1,0,0,0,,0,0,,,,0,0,0,0,0,,0,0,Matches
308,Thomas Hasal\86bac87b,ca CAN,GK,Vancouver,21,1999,7,0,0,0,,0,0,,,,0,0,0,0,0,,0,0,Matches
309,Jacori Hayes\d2173b7b,us USA,MF,Minnesota Utd,25,1995,5.8,0,4,1,25,0.69,0.17,0,0,23.3,0,0,0,0.2,0.2,0.05,-0.2,-0.2,Matches
310,Héber\d552c4a1,br BRA,FW,NYCFC,29,1991,1.1,0,4,3,75,3.6,2.7,0,0,14,0,0,0,0.4,0.4,0.11,-0.4,-0.4,Matches
311,Matt Hedges\5e2a4d0e,us USA,DF,FC Dallas,30,1990,16,1,10,1,10,0.63,0.06,0.1,1,9.8,0,0,0,1,1,0.1,0,0,Matches
312,Fabian Herbers\5cbf5ccd,de GER,MFFW,Chicago Fire,27,1993,20.3,0,34,7,20.6,1.67,0.34,0,0,19.2,0,0,0,2.6,2.6,0.08,-2.6,-2.6,Matches
313,Felipe Hernandez\31a4d0b8,us USA,MF,Sporting KC,22,1998,4.5,1,14,3,21.4,3.1,0.66,0.07,0.33,16.9,0,0,0,1.4,1.4,0.1,-0.4,-0.4,Matches
314,Javier Hernández\189cee7b,mx MEX,FW,LA Galaxy,32,1988,19.2,17,57,29,50.9,2.97,1.51,0.28,0.55,11.9,2,1,2,13.1,11.6,0.2,+3.9,+4.4,Matches
315,Ronald Hernández\de907bab,ve VEN,DF,Atlanta Utd,23,1997,7,1,8,1,12.5,1.14,0.14,0.13,1,18.5,0,0,0,0.5,0.5,0.06,+0.5,+0.5,Matches
316,Aaron Herrera\d86e3070,us USA,DF,Real Salt Lake,23,1997,27.9,1,23,5,21.7,0.83,0.18,0.04,0.2,24.2,0,0,0,1.1,1.1,0.05,-0.1,-0.1,Matches
317,Federico Higuaín\ef8fc24c,ar ARG,MFFW,Inter Miami,36,1984,9,3,15,5,33.3,1.67,0.56,0.2,0.6,18.8,2,0,0,1.4,1.4,0.1,+1.6,+1.6,Matches
318,Gonzalo Higuaín\8a08491a,ar ARG,FW,Inter Miami,33,1987,27.2,12,80,32,40,2.94,1.18,0.11,0.28,17.9,4,3,3,11.1,8.9,0.11,+0.9,+0.1,Matches
319,Brendan Hines-Ike\b807c1dc,us USA,DF,D.C. United,26,1994,11.7,1,9,2,22.2,0.77,0.17,0.11,0.5,14.1,0,0,0,0.7,0.7,0.08,+0.3,+0.3,Matches
320,Danny Hoesen\5ef1939b,nl NED,FW,Austin FC,30,1991,3.4,0,7,0,0,2.07,0,0,,6.7,0,0,0,1.4,1.4,0.2,-1.4,-1.4,Matches
321,Ian Hoffmann\c0243229,de GER,DF,Houston Dynamo,19,2001,2.8,0,1,0,0,0.36,0,0,,21.5,0,0,0,0,0,0.02,0,0,Matches
322,Ryan Hollingshead\28b58797,us USA,DF,FC Dallas,29,1991,29.6,3,26,7,26.9,0.88,0.24,0.12,0.43,14.5,0,0,0,2.8,2.8,0.11,+0.2,+0.2,Matches
323,Erik Holt\3677d047,us USA,DF,Real Salt Lake,24,1996,15.1,1,11,2,18.2,0.73,0.13,0.09,0.5,11.1,0,0,0,0.6,0.6,0.06,+0.4,+0.4,Matches
324,Adrien Hunou\d14229f3,fr FRA,FW,Minnesota Utd,27,1994,19,7,66,24,36.4,3.48,1.27,0.11,0.29,14.7,0,0,0,10.2,10.2,0.15,-3.2,-3.2,Matches
325,Erik Hurtado\b11e6f2b,us USA,FWMF,Columbus Crew,30,1990,3.3,0,6,1,16.7,1.83,0.31,0,0,14.8,0,0,0,1,1,0.16,-1,-1,Matches
326,Erik Hurtado\b11e6f2b,us USA,FW,CF Montréal,30,1990,3.2,0,7,2,28.6,2.2,0.63,0,0,14.6,0,0,0,0.9,0.9,0.12,-0.9,-0.9,Matches
327,Emerson Hyndman\3be1a627,us USA,MFFW,Atlanta Utd,24,1996,6.9,1,6,1,16.7,0.87,0.15,0.17,1,18.1,0,0,0,0.9,0.9,0.14,+0.1,+0.1,Matches
328,Franco Ibarra\db6540c5,ar ARG,MF,Atlanta Utd,19,2001,8.7,0,4,2,50,0.46,0.23,0,0,19.5,0,0,0,0.1,0.1,0.02,-0.1,-0.1,Matches
329,Sebastien Ibeagha\41ba8175,us USA,DF,Los Angeles FC,29,1992,7.4,0,3,1,33.3,0.41,0.14,0,0,7.1,0,0,0,0.2,0.2,0.07,-0.2,-0.2,Matches
330,Sebastien Ibeagha\41ba8175,us USA,DF,NYCFC,29,1992,3.9,0,2,1,50,0.52,0.26,0,0,7.9,0,0,0,0.3,0.3,0.14,-0.3,-0.3,Matches
331,Sunusi Ibrahim\796994e5,ng NGA,FW,CF Montréal,18,2002,10.2,4,32,13,40.6,3.15,1.28,0.13,0.31,14.3,0,0,0,5.4,5.4,0.17,-1.4,-1.4,Matches
332,Milan Iloski\4f87c75f,us USA,FW,Real Salt Lake,21,1999,0,0,0,0,,0,0,,,,0,0,0,0,0,,0,0,Matches
333,Ilsinho\aa8683ae,br BRA,DFMF,Philadelphia,35,1985,0.9,0,2,0,0,2.17,0,0,,17.2,0,0,0,0.2,0.2,0.08,-0.2,-0.2,Matches
334,Arnór Ingvi Traustason\7d036b4a,is ISL,MFFW,New England,27,1993,16.1,2,31,9,29,1.92,0.56,0.06,0.22,15.6,1,0,0,3.8,3.8,0.12,-1.8,-1.8,Matches
335,Clint Irwin\c1205184,us USA,GK,Colorado Rapids,31,1989,1,0,0,0,,0,0,,,,0,0,0,0,0,,0,0,Matches
336,Nicolas Isimat-Mirin\14e8e9d7,fr FRA,DF,Sporting KC,29,1991,10.5,0,0,0,,0,0,,,,0,0,0,0,0,,0,0,Matches
337,Aljaž Ivačič\4d6e50d8,si SVN,GK,Portland Timbers,27,1993,4.6,0,0,0,,0,0,,,,0,0,0,0,0,,0,0,Matches
338,Stanislav Ivanov\0cafba94,bg BUL,FW,Chicago Fire,21,1999,5.8,0,7,2,28.6,1.22,0.35,0,0,14,0,0,0,0.4,0.4,0.06,-0.4,-0.4,Matches
339,Robin Jansson\8ca5c176,se SWE,DF,Orlando City,29,1991,26.9,3,13,4,30.8,0.48,0.15,0.23,0.75,22,0,0,0,1,1,0.08,+2.0,+2.0,Matches
340,Franco Jara\413cce14,ar ARG,FW,FC Dallas,32,1988,14,7,58,19,32.8,4.14,1.35,0.1,0.32,15.4,1,1,2,8.5,7,0.12,-1.5,-1,Matches
341,Andres Jasson\31d049b2,us USA,DFFW,NYCFC,19,2002,7.6,0,5,2,40,0.66,0.26,0,0,19.9,1,0,0,0.2,0.2,0.04,-0.2,-0.2,Matches
342,Cal Jennings\44f6672a,us USA,FW,Los Angeles FC,23,1997,1.4,0,4,2,50,2.79,1.4,0,0,15.6,0,0,0,0.5,0.5,0.11,-0.5,-0.5,Matches
343,Hector Jiménez\2dc1e90e,us USA,DF,Austin FC,32,1988,18,1,9,3,33.3,0.5,0.17,0.11,0.33,22.4,0,0,0,0.7,0.7,0.08,+0.3,+0.3,Matches
344,Bjørn Johnsen\02ee4c77,no NOR,FW,CF Montréal,29,1991,9.9,2,27,12,44.4,2.73,1.21,0.07,0.17,13,0,0,0,4,4,0.15,-2,-2,Matches
345,Sean Johnson\c164335e,us USA,GK,NYCFC,31,1989,29,0,0,0,,0,0,,,,0,0,0,0,0,,0,0,Matches
346,Alistair Johnston\4fb17e20,ca CAN,DF,Nashville,22,1998,23.8,1,7,3,42.9,0.29,0.13,0.14,0.33,13.1,0,0,0,1.2,1.2,0.17,-0.2,-0.2,Matches
347,Ismaila Jome\26f559ba,us USA,DF,Portland Timbers,26,1994,0.1,0,0,0,,0,0,,,,0,0,0,0,0,,0,0,Matches
348,DeJuan Jones\10d1139c,us USA,DF,New England,23,1997,28.3,3,18,10,55.6,0.64,0.35,0.17,0.3,17.1,0,0,0,2.1,2.1,0.11,+0.9,+0.9,Matches
349,Derrick Jones\93c92d6c,us USA,MF,Houston Dynamo,23,1997,12.5,0,1,0,0,0.08,0,0,,29.1,0,0,0,0,0,0.02,0,0,Matches
350,Joevin Jones\fc23d956,tt TRI,DF,Inter Miami,29,1991,5.8,0,0,0,,0,0,,,,0,0,0,0,0,,0,0,Matches
351,Jony\60665492,ar ARG,MFFW,Real Salt Lake,26,1994,9.9,1,20,5,25,2.02,0.51,0.05,0.2,22.4,0,0,0,1.6,1.6,0.08,-0.6,-0.6,Matches
352,Dejan Joveljić\95a24690,rs SRB,FW,LA Galaxy,21,1999,8,2,17,7,41.2,2.12,0.87,0.12,0.29,17.4,0,0,0,2,2,0.12,0,0,Matches
353,Judson\e1535f82,br BRA,MFDF,San Jose,27,1993,18.4,0,10,0,0,0.54,0,0,,26.3,0,0,0,0.3,0.3,0.03,-0.3,-0.3,Matches
354,Anderson Julio\f907a6a8,ec ECU,FWMF,Real Salt Lake,24,1996,11.4,8,34,14,41.2,2.98,1.23,0.24,0.57,14,0,0,0,7.1,7.1,0.21,+0.9,+0.9,Matches
355,Florian Jungwirth\f179c207,de GER,DFMF,San Jose,32,1989,12.1,0,4,3,75,0.33,0.25,0,0,11.5,0,0,0,0.7,0.7,0.17,-0.7,-0.7,Matches
356,Florian Jungwirth\f179c207,de GER,DF,Vancouver,32,1989,12.5,1,5,1,20,0.4,0.08,0.2,1,12.8,0,0,0,0.4,0.4,0.09,+0.6,+0.6,Matches
357,Sam Junqua\91981d97,us USA,DF,Houston Dynamo,24,1996,17.9,0,10,4,40,0.56,0.22,0,0,14.4,0,0,0,0.4,0.4,0.04,-0.4,-0.4,Matches
358,Brent Kallman\2b24702b,us USA,DF,Minnesota Utd,30,1990,14.2,2,10,3,30,0.71,0.21,0.2,0.67,7.9,0,0,0,1,1,0.1,+1.0,+1.0,Matches
359,Ola Kamara\e134351a,no NOR,FW,D.C. United,31,1989,20.2,19,54,23,42.6,2.68,1.14,0.19,0.43,16,0,9,10,16.3,8.7,0.16,+2.7,+1.3,Matches
360,Alec Kann\4a8af93c,us USA,GK,Atlanta Utd,30,1990,5,0,0,0,,0,0,,,,0,0,0,0,0,,0,0,Matches
361,Johan Kappelhof\465015a5,nl NED,DFMF,Chicago Fire,30,1990,13.6,0,7,2,28.6,0.51,0.15,0,0,13.2,0,0,0,0.4,0.4,0.05,-0.4,-0.4,Matches
362,Wilfrid Kaptoum\d717630e,cm CMR,MFFW,New England,24,1996,9.9,1,10,2,20,1.01,0.2,0.1,0.5,22.5,0,0,0,0.4,0.4,0.04,+0.6,+0.6,Matches
363,Mark-Anthony Kaye\36a38acd,ca CAN,MF,Los Angeles FC,26,1994,8.4,0,8,2,25,0.95,0.24,0,0,12.1,0,0,0,0.8,0.8,0.1,-0.8,-0.8,Matches
364,Mark-Anthony Kaye\36a38acd,ca CAN,MFFW,Colorado Rapids,26,1994,12.2,1,19,7,36.8,1.56,0.58,0.05,0.14,15.3,0,0,0,2.5,2.5,0.13,-1.5,-1.5,Matches
365,Aboubacar Keita\85fbf1e4,us USA,DF,Columbus Crew,20,2000,10.6,0,0,0,,0,0,,,,0,0,0,0,0,,0,0,Matches
366,Jon Kempin\063adc5e,us USA,GK,D.C. United,27,1993,9.8,0,0,0,,0,0,,,,0,0,0,0,0,,0,0,Matches
367,Henry Kessler\23c75879,us USA,DF,New England,22,1998,24.9,1,5,2,40,0.2,0.08,0.2,0.5,7.5,0,0,0,0.9,0.9,0.19,+0.1,+0.1,Matches
368,Logan Ketterer\927c3059,us USA,GK,Portland Timbers,27,1993,3,0,0,0,,0,0,,,,0,0,0,0,0,,0,0,Matches
369,Benjamin Kikanovic\fe11d61b,us USA,FW,San Jose,21,2000,8.9,4,19,6,31.6,2.15,0.68,0.21,0.67,12.2,0,0,0,3.1,3.1,0.16,+0.9,+0.9,Matches
370,Gadi Kinda\d4a2f24c,il ISR,MFFW,Sporting KC,26,1994,22.6,5,50,24,48,2.22,1.06,0.08,0.17,16.6,0,1,1,6.2,5.4,0.11,-1.2,-1.4,Matches
371,Perry Kitchen\19ec49ee,us USA,MF,Columbus Crew,28,1992,2.3,0,1,0,0,0.44,0,0,,19.6,0,0,0,0.1,0.1,0.06,-0.1,-0.1,Matches
372,Edward Kizza\2f2c0ab1,ug UGA,FW,New England,22,1998,2.9,0,5,0,0,1.7,0,0,,7.2,0,0,0,0.7,0.7,0.14,-0.7,-0.7,Matches
373,Mustafa Kizza\4db20877,ug UGA,DF,CF Montréal,21,1999,7.3,0,9,3,33.3,1.23,0.41,0,0,21.6,1,0,0,0.5,0.5,0.06,-0.5,-0.5,Matches
374,Freddy Kleemann\e068bed0,us USA,DF,Austin FC,21,1999,0.5,0,0,0,,0,0,,,,0,0,0,0,0,,0,0,Matches
375,Patryk Klimala\0bf3c11c,pl POL,FW,NY Red Bulls,22,1998,23.1,8,92,23,25,3.98,1,0.05,0.22,16.4,0,3,4,13.7,10.7,0.12,-5.7,-5.7,Matches
376,Jonathan Klinsmann\1e29552f,us USA,GK,LA Galaxy,23,1997,3,0,0,0,,0,0,,,,0,0,0,0,0,,0,0,Matches
377,Sacha Kljestan\73682895,us USA,MFFW,LA Galaxy,35,1985,15.6,5,17,5,29.4,1.09,0.32,0.06,0.2,26.3,4,4,4,4.1,1.1,0.06,+0.9,-0.1,Matches
378,Brad Knighton\9903a3cb,us USA,GK,New England,35,1985,6,0,0,0,,0,0,,,,0,0,0,0,0,,0,0,Matches
379,Žan Kolmanič\4501fd21,si SVN,DF,Austin FC,20,2000,23.4,0,10,2,20,0.43,0.09,0,0,25.1,0,0,0,0.4,0.4,0.04,-0.4,-0.4,Matches
380,Franko Kovačević\dbe0034f,hr CRO,FW,FC Cincinnati,21,1999,0.5,0,1,0,0,2.2,0,0,,25.5,0,0,0,0,0,0.02,0,0,Matches
381,Damir Kreilach\068be155,hr CRO,MFFW,Real Salt Lake,31,1989,31.9,16,75,38,50.7,2.35,1.19,0.21,0.42,14.9,3,0,0,10.3,10.3,0.14,+5.7,+5.7,Matches
382,Yuya Kubo\cba16a46,jp JPN,MF,FC Cincinnati,27,1993,26,0,15,2,13.3,0.58,0.08,0,0,24,0,0,0,0.5,0.5,0.03,-0.5,-0.5,Matches
383,Matt LaGrassa\c9b098db,us USA,MF,Nashville,28,1993,4.1,0,4,0,0,0.97,0,0,,18.5,0,0,0,0.2,0.2,0.05,-0.2,-0.2,Matches
384,Foster Langsdorf\48319bb3,us USA,FW,Minnesota Utd,25,1995,0.4,0,1,0,0,2.73,0,0,,8,0,0,0,0.1,0.1,0.13,-0.1,-0.1,Matches
385,Lassi Lappalainen\bcb2282d,fi FIN,DFFW,CF Montréal,22,1998,6.2,1,14,4,28.6,2.25,0.64,0.07,0.25,14.6,0,0,0,1.2,1.2,0.09,-0.2,-0.2,Matches
386,Jesús David Murillo Largacha\68d48a71,co COL,DF,Los Angeles FC,26,1994,30.5,0,10,2,20,0.33,0.07,0,0,12.7,0,0,0,0.8,0.8,0.08,-0.8,-0.8,Matches
387,Oliver Larraz\ecdbe767,us USA,MFFW,Colorado Rapids,19,2001,0.3,0,2,0,0,7.5,0,0,,16.1,0,0,0,0.2,0.2,0.09,-0.2,-0.2,Matches
388,Richie Laryea\276fdbe4,ca CAN,DFFW,Toronto FC,26,1995,25.5,3,27,11,40.7,1.06,0.43,0.11,0.27,15.4,0,0,0,3.1,3.1,0.12,-0.1,-0.1,Matches
389,Ariel Lassiter\bd7b916c,cr CRC,FWMF,Houston Dynamo,26,1994,6,0,22,10,45.5,3.64,1.65,0,0,17.6,0,0,0,1.8,1.8,0.08,-1.8,-1.8,Matches
390,Vuk Latinovich\5c0e047a,us USA,DF,NYCFC,23,1997,1.1,0,1,1,100,0.95,0.95,0,0,29.4,0,0,0,0,0,0.02,0,0,Matches
391,Kemar Lawrence\80be3efe,jm JAM,DF,Toronto FC,28,1992,21.3,1,8,2,25,0.38,0.09,0.13,0.5,14.5,0,0,0,0.8,0.8,0.1,+0.2,+0.2,Matches
392,Randall Leal\874a5031,cr CRC,MFFW,Nashville,24,1997,23.9,8,68,34,50,2.85,1.42,0.12,0.24,23.1,2,0,0,4,4,0.06,+4.0,+4.0,Matches
393,Kelvin Leerdam\d8b47705,sr SUR,DF,Inter Miami,30,1990,19,0,7,2,28.6,0.37,0.11,0,0,18.9,0,0,0,0.3,0.3,0.04,-0.3,-0.3,Matches
394,Niccolo Lemoine\8ccbbaf8,us USA,FW,Houston Dynamo,20,2000,0.7,0,0,0,,0,0,,,,0,0,0,0,0,,0,0,Matches
395,Brooks Lennon\ec80ba72,us USA,DF,Atlanta Utd,23,1997,29.4,0,10,4,40,0.34,0.14,0,0,15.9,2,0,0,1,1,0.1,-1,-1,Matches
396,Jonathan Lewis\2501eb59,us USA,FWMF,Colorado Rapids,23,1997,14.5,7,41,14,34.1,2.83,0.97,0.15,0.43,15.2,0,1,1,7.3,6.5,0.16,-0.3,-0.5,Matches
397,Danny Leyva\ecc3a9c9,us USA,MF,Seattle,17,2003,9.7,0,8,3,37.5,0.83,0.31,0,0,23.8,0,0,0,0.2,0.2,0.03,-0.2,-0.2,Matches
398,Nick Lima\959686eb,us USA,DF,Austin FC,26,1994,22.2,0,18,4,22.2,0.81,0.18,0,0,25.5,0,0,0,0.5,0.5,0.03,-0.5,-0.5,Matches
399,Jaylin Lindsey\83cb6e59,us USA,DF,Sporting KC,20,2000,10.2,2,5,2,40,0.49,0.2,0.4,1,15.1,0,0,0,0.7,0.7,0.13,+1.3,+1.3,Matches
400,Sebastian Lletget\73019c31,us USA,MFFW,LA Galaxy,28,1992,20.3,3,23,6,26.1,1.13,0.3,0.13,0.5,18.4,0,0,0,2.5,2.5,0.11,+0.5,+0.5,Matches
401,Jürgen Locadia\6cc47ae1,nl NED,FWMF,FC Cincinnati,27,1993,4,1,13,5,38.5,3.21,1.24,0.08,0.2,13.6,0,0,0,2.5,2.5,0.19,-1.5,-1.5,Matches
402,Robin Lod\33c69aa0,fi FIN,FW,Minnesota Utd,27,1993,20.1,9,66,23,34.8,3.28,1.14,0.14,0.39,15.4,1,0,0,8.5,8.5,0.13,+0.5,+0.5,Matches
403,Nicolás Lodeiro\fe81d0d1,uy URU,MFFW,Seattle,31,1989,5.1,0,10,6,60,1.96,1.17,0,0,22.6,4,0,0,0.7,0.7,0.07,-0.7,-0.7,Matches
404,David Loera\0fae98f1,us USA,MF,Orlando City,22,1998,0.2,0,1,1,100,4.09,4.09,0,0,22.2,0,0,0,0,0,0.03,0,0,Matches
405,Aaron Long\46b89640,us USA,DF,NY Red Bulls,28,1992,5,0,5,1,20,1,0.2,0,0,15.1,0,0,0,0.3,0.3,0.05,-0.3,-0.3,Matches
406,Erik López\af793b82,py PAR,FWMF,Atlanta Utd,19,2001,9.7,1,19,7,36.8,1.97,0.72,0.05,0.14,16.9,0,0,0,2.2,2.2,0.12,-1.2,-1.2,Matches
407,Lisandro López\bc55bb5a,ar ARG,FW,Atlanta Utd,37,1983,1.6,0,3,2,66.7,1.93,1.29,0,0,13.5,0,0,0,0.2,0.2,0.07,-0.2,-0.2,Matches
408,Marcos López\9b3ab988,pe PER,DF,San Jose,21,1999,15.7,1,18,4,22.2,1.15,0.26,0.06,0.25,22.8,1,0,0,0.5,0.5,0.03,+0.5,+0.5,Matches
409,Marvin Loría\71380d87,cr CRC,FWMF,Portland Timbers,23,1997,12.3,2,20,4,20,1.62,0.32,0.1,0.5,20.9,1,0,0,2.1,2.1,0.11,-0.1,-0.1,Matches
410,Daniel Lovitz\db97d838,us USA,DF,Nashville,29,1991,25.6,0,13,2,15.4,0.51,0.08,0,0,20.7,2,0,0,0.7,0.7,0.05,-0.7,-0.7,Matches
411,Everton Luiz\3799e138,br BRA,MF,Real Salt Lake,32,1988,18.4,0,9,1,11.1,0.49,0.05,0,0,24.5,0,0,0,0.3,0.3,0.04,-0.3,-0.3,Matches
412,Adam Lundqvist\91769a24,se SWE,DF,Houston Dynamo,26,1994,21.6,0,7,2,28.6,0.32,0.09,0,0,21.7,1,0,0,0.4,0.4,0.05,-0.4,-0.4,Matches
413,Larrys Mabiala\5bdec47f,cd COD,DF,Portland Timbers,33,1987,20.4,0,8,1,12.5,0.39,0.05,0,0,11,0,0,0,0.8,0.8,0.1,-0.8,-0.8,Matches
414,Aimé Mabika\3a37d349,zm ZAM,DF,Inter Miami,22,1998,2,0,0,0,,0,0,,,,0,0,0,0,0,,0,0,Matches
415,Maciel\a39d51e0,br BRA,MF,New England,21,2000,13.8,0,3,1,33.3,0.22,0.07,0,0,30.8,0,0,0,0,0,0.02,0,0,Matches
416,Emanuel Maciel\934fdf16,ar ARG,MF,CF Montréal,23,1997,9.8,0,8,0,0,0.82,0,0,,26.1,0,0,0,0.2,0.2,0.02,-0.2,-0.2,Matches
417,Zac MacMath\06caac45,us USA,GK,Real Salt Lake,29,1991,6.5,0,0,0,,0,0,,,,0,0,0,0,0,,0,0,Matches
418,Christian Mafla\f379bc1e,co COL,DF,New England,28,1993,5.7,0,1,0,0,0.17,0,0,,31,0,0,0,0,0,0.02,0,0,Matches
419,Talles Magno\64c98878,br BRA,FWMF,NYCFC,18,2002,5,2,9,5,55.6,1.8,1,0.22,0.4,12.6,0,0,0,1.6,1.6,0.17,+0.4,+0.4,Matches
420,Jack Maher\0c6f2fa6,us USA,DF,Nashville,21,1999,17.1,1,5,1,20,0.29,0.06,0.2,1,8.5,0,0,0,0.5,0.5,0.1,+0.5,+0.5,Matches
421,Christian Makoun\7efffe65,ve VEN,DF,Inter Miami,20,2000,22.5,2,6,2,33.3,0.27,0.09,0.17,0.5,18.7,0,1,1,1.3,0.5,0.09,+0.7,+0.5,Matches
422,Machop Malual\1701b012,ss SSD,FW,Atlanta Utd,22,1998,4.7,0,5,1,20,1.05,0.21,0,0,13.2,0,0,0,0.4,0.4,0.09,-0.4,-0.4,Matches
423,Kekuta Manneh\4d735ad6,us USA,FWMF,Austin FC,26,1994,3.8,0,13,3,23.1,3.4,0.78,0,0,20,0,0,0,0.8,0.8,0.06,-0.8,-0.8,Matches
424,J.T. Marcinkowski\977791f4,us USA,GK,San Jose,23,1997,33,0,0,0,,0,0,,,,0,0,0,0,0,,0,0,Matches
425,Marko Marić\b57454c7,hr CRO,GK,Houston Dynamo,25,1996,22,0,0,0,,0,0,,,,0,0,0,0,0,,0,0,Matches
426,Paul Marie\da0bb55a,fr FRA,DF,San Jose,25,1995,11.1,1,13,6,46.2,1.17,0.54,0.08,0.17,19.7,1,0,0,0.9,0.9,0.07,+0.1,+0.1,Matches
427,Jahkeele Marshall-Rutty\b9459f85,ca CAN,FWDF,Toronto FC,16,2004,4.7,0,6,1,16.7,1.27,0.21,0,0,17.5,0,0,0,0.3,0.3,0.05,-0.3,-0.3,Matches
428,Nick Marsman\f352799f,nl NED,GK,Inter Miami,30,1990,21.3,0,0,0,,0,0,,,,0,0,0,0,0,,0,0,Matches
429,Douglas Martinez\3e7ebb9a,hn HON,FW,Real Salt Lake,23,1997,0.6,0,0,0,,0,0,,,,0,0,0,0,0,,0,0,Matches
430,Josef Martínez\e73f0aa1,ve VEN,FW,Atlanta Utd,27,1993,18.2,12,57,19,33.3,3.13,1.04,0.18,0.53,14.6,2,2,2,10,8.5,0.15,+2.0,+1.5,Matches
431,Luís Martins\56b7c09b,pt POR,DF,Sporting KC,28,1992,32.8,1,19,6,31.6,0.58,0.18,0.05,0.17,23.2,1,0,0,0.8,0.8,0.04,+0.2,+0.2,Matches
432,Emmanuel Más\b9385e1f,ar ARG,DF,Orlando City,32,1989,7.6,0,4,2,50,0.53,0.26,0,0,22.1,0,0,0,0.1,0.1,0.02,-0.1,-0.1,Matches
433,Alexandru Mățan\3bd3bcc4,ro ROU,FWMF,Columbus Crew,21,1999,8.9,0,16,6,37.5,1.8,0.67,0,0,17,0,0,0,1.5,1.5,0.1,-1.5,-1.5,Matches
434,Rónald Matarrita\491862dd,cr CRC,DF,FC Cincinnati,26,1994,21.8,2,14,4,28.6,0.64,0.18,0.14,0.5,21.6,1,0,0,0.6,0.6,0.04,+1.4,+1.4,Matches
435,Blaise Matuidi\c0cddebe,fr FRA,MF,Inter Miami,33,1987,25.4,1,7,1,14.3,0.28,0.04,0.14,1,19.6,0,0,0,0.4,0.4,0.06,+0.6,+0.6,Matches
436,Jimmy Maurer\ca1c6f3d,us USA,GK,FC Dallas,32,1988,23.7,0,0,0,,0,0,,,,0,0,0,0,0,,0,0,Matches
437,José Mauri\644faf10,it ITA,MF,Sporting KC,24,1996,6.7,1,6,2,33.3,0.9,0.3,0.17,0.5,34.4,0,0,0,0.1,0.1,0.02,+0.9,+0.9,Matches
438,Chris Mavinga\fda36cfb,cd COD,DF,Toronto FC,29,1991,18.6,0,9,1,11.1,0.48,0.05,0,0,9.4,0,0,0,0.7,0.7,0.07,-0.7,-0.7,Matches
439,Olivier Mbaizo\f6315619,cm CMR,DF,Philadelphia,23,1997,27.6,0,6,1,16.7,0.22,0.04,0,0,25.3,0,0,0,0.2,0.2,0.03,-0.2,-0.2,Matches
440,John McCarthy\249362e9,us USA,GK,Inter Miami,28,1992,12.7,0,0,0,,0,0,,,,0,0,0,0,0,,0,0,Matches
441,Dax McCarty\b74e58c0,us USA,MF,Nashville,33,1987,22.9,0,12,3,25,0.52,0.13,0,0,17.2,0,0,0,0.7,0.7,0.06,-0.7,-0.7,Matches
442,Jack McGlynn\e2b8c25c,us USA,MF,Philadelphia,17,2003,7.1,0,12,1,8.3,1.69,0.14,0,0,20.3,0,0,0,0.7,0.7,0.06,-0.7,-0.7,Matches
443,Zac McGraw\83129dc7,us USA,DF,Portland Timbers,23,1997,3.1,0,5,0,0,1.6,0,0,,8.5,0,0,0,0.3,0.3,0.06,-0.3,-0.3,Matches
444,Justin McMaster\7256a113,jm JAM,FWMF,Minnesota Utd,21,1999,1.5,0,4,1,25,2.69,0.67,0,0,20.6,0,0,0,0.3,0.3,0.07,-0.3,-0.3,Matches
445,Thomas McNamara\ab36595d,us USA,MF,New England,29,1991,21.9,2,28,9,32.1,1.28,0.41,0.07,0.22,19.9,0,0,0,2.7,2.7,0.09,-0.7,-0.7,Matches
446,Jesús Medina\7c4628c4,py PAR,FWMF,NYCFC,23,1997,25,9,57,28,49.1,2.28,1.12,0.16,0.32,16.2,2,0,0,8.5,8.5,0.15,+0.5,+0.5,Matches
447,Álvaro Medrán\31223bcf,es ESP,MF,Chicago Fire,26,1994,25.4,3,53,21,39.6,2.09,0.83,0.06,0.14,24.2,13,0,0,2.8,2.8,0.05,+0.2,+0.2,Matches
448,Jimmy Medranda\6f7ac622,co COL,DFMF,Seattle,26,1994,14.4,4,25,6,24,1.74,0.42,0.16,0.67,19.3,2,0,0,1.5,1.5,0.06,+2.5,+2.5,Matches
449,Haris Medunjanin\de5d5d41,ba BIH,MF,FC Cincinnati,35,1985,17.2,3,14,7,50,0.81,0.41,0.21,0.43,22.2,1,0,0,0.7,0.7,0.05,+2.3,+2.3,Matches
450,Phelipe Megiolaro\73aaa27d,br BRA,GK,FC Dallas,21,1999,10.3,0,0,0,,0,0,,,,0,0,0,0,0,,0,0,Matches
451,Tim Melia\cc741f50,us USA,GK,Sporting KC,34,1986,28,0,0,0,,0,0,,,,0,0,0,0,0,,0,0,Matches
452,Jhegson Méndez\db0c5324,ec ECU,MF,Orlando City,23,1997,13.2,1,8,1,12.5,0.61,0.08,0.13,1,24.8,0,0,0,0.5,0.5,0.06,+0.5,+0.5,Matches
453,Jonathan Mensah\8087e6cb,gh GHA,DF,Columbus Crew,30,1990,28.2,2,32,6,18.8,1.13,0.21,0.06,0.33,13.5,0,0,0,1.8,1.8,0.06,+0.2,+0.2,Matches
454,Justin Meram\ae34c71d,iq IRQ,FWMF,Real Salt Lake,32,1988,15.5,2,26,13,50,1.68,0.84,0.08,0.15,19.3,0,0,0,1.9,1.9,0.07,+0.1,+0.1,Matches
455,Romain Métanire\0fb21da9,mg MAD,DF,Minnesota Utd,30,1990,28.4,0,11,2,18.2,0.39,0.07,0,0,24.3,0,0,0,0.5,0.5,0.04,-0.5,-0.5,Matches
456,Patrick Metcalfe\427e3820,ca CAN,DFMF,Vancouver,22,1998,4.1,0,1,0,0,0.25,0,0,,4.2,0,0,0,0.1,0.1,0.1,-0.1,-0.1,Matches
457,Nicolás Mezquida\00b629e1,uy URU,MFFW,Colorado Rapids,29,1992,7.3,1,17,5,29.4,2.31,0.68,0.06,0.2,19.6,1,0,0,0.8,0.8,0.05,+0.2,+0.2,Matches
458,Benji Michel\151ca25f,us USA,FWMF,Orlando City,23,1997,20.8,4,34,15,44.1,1.64,0.72,0.12,0.27,13.5,0,0,0,5.4,5.4,0.17,-1.4,-1.4,Matches
459,Djordje Mihailovic\83cf9719,us USA,MFFW,CF Montréal,22,1998,31.1,4,58,14,24.1,1.87,0.45,0.07,0.29,18.8,11,0,0,5.3,5.3,0.09,-1.3,-1.3,Matches
460,Matko Miljevic\74b76abc,us USA,FWMF,CF Montréal,19,2001,1.6,1,4,3,75,2.55,1.91,0.25,0.33,23.5,0,0,0,0.1,0.1,0.03,+0.9,+0.9,Matches
461,Eric Miller\c0593f5d,us USA,DF,Nashville,28,1993,11.7,0,3,1,33.3,0.26,0.09,0,0,25.3,0,0,0,0.2,0.2,0.06,-0.2,-0.2,Matches
462,Kamal Miller\0646bd8a,ca CAN,DF,CF Montréal,23,1997,26.4,1,7,2,28.6,0.26,0.08,0.14,0.5,15.2,0,0,0,0.5,0.5,0.07,+0.5,+0.5,Matches
463,Tyler Miller\7827a6b3,us USA,GK,Minnesota Utd,27,1993,30,0,0,0,,0,0,,,,0,0,0,0,0,,0,0,Matches
464,Kamohelo Mokotjo\7832f692,za RSA,MF,FC Cincinnati,29,1991,5.1,0,2,1,50,0.39,0.19,0,0,21.2,0,0,0,0.1,0.1,0.04,-0.1,-0.1,Matches
465,Kevin Molino\371645ca,tt TRI,FWMF,Columbus Crew,30,1990,6.4,1,7,2,28.6,1.1,0.31,0.14,0.5,11.9,0,0,0,1.6,1.6,0.22,-0.6,-0.6,Matches
466,Alex Monis\66db9e72,us USA,FW,Chicago Fire,17,2003,0.2,0,1,0,0,4.74,0,0,,23.3,0,0,0,0,0,0.05,0,0,Matches
467,Jamiro Monteiro\d384bddd,cv CPV,MFFW,Philadelphia,27,1993,25.5,2,38,11,28.9,1.49,0.43,0.05,0.18,20.1,2,0,0,2.7,2.7,0.07,-0.7,-0.7,Matches
468,Fredy Montero\bc5b5be5,co COL,FWMF,Seattle,33,1987,16.4,7,53,25,47.2,3.23,1.52,0.11,0.24,17.6,1,1,1,5.9,5.1,0.1,+1.1,+0.9,Matches
469,Lucas Monzón\312755e2,uy URU,DF,NY Red Bulls,19,2001,0.3,0,0,0,,0,0,,,,0,0,0,0,0,,0,0,Matches
470,Kim Moonhwan\6bce7dd8,kr KOR,DF,Los Angeles FC,25,1995,19.8,1,13,3,23.1,0.66,0.15,0.08,0.33,19.5,1,0,0,1.4,1.4,0.11,-0.4,-0.4,Matches
471,Drew Moor\220cf869,us USA,DF,Colorado Rapids,37,1984,3.4,0,1,0,0,0.29,0,0,,8.5,0,0,0,0,0,0.01,0,0,Matches
472,Felipe Mora\f4b0ea46,cl CHI,FW,Portland Timbers,27,1993,22.5,11,63,25,39.7,2.81,1.11,0.16,0.4,12.1,0,1,1,11.5,10.7,0.17,-0.5,-0.7,Matches
473,Joseph Mora\2af71023,cr CRC,DF,D.C. United,28,1993,17,0,5,1,20,0.29,0.06,0,0,21.1,0,0,0,0.2,0.2,0.05,-0.2,-0.2,Matches
474,Alfredo Morales\ff45add5,us USA,MFDF,NYCFC,30,1990,19.8,0,18,4,22.2,0.91,0.2,0,0,13,0,0,0,1.2,1.2,0.07,-1.2,-1.2,Matches
475,Maximiliano Moralez\f99f37fc,ar ARG,MFFW,NYCFC,33,1987,26.5,3,64,23,35.9,2.42,0.87,0.05,0.13,18.9,1,0,0,6.2,6.2,0.1,-3.2,-3.2,Matches
476,Steven Moreira\f10983ae,fr FRA,DF,Columbus Crew,26,1994,5.8,0,0,0,,0,0,,,,0,0,0,0,0,,0,0,Matches
477,Junior Moreno\5dcb4ac4,ve VEN,MF,D.C. United,27,1993,23.8,1,10,2,20,0.42,0.08,0.1,0.5,23,0,0,0,0.5,0.5,0.05,+0.5,+0.5,Matches
478,Marcelino Moreno\058c938c,ar ARG,MFFW,Atlanta Utd,26,1994,28.7,9,77,26,33.8,2.68,0.9,0.08,0.23,20.7,6,3,3,8.1,5.8,0.08,+0.9,+0.2,Matches
479,Santiago Moreno\3261d0e4,co COL,FWMF,Portland Timbers,20,2000,3.9,0,9,1,11.1,2.28,0.25,0,0,20.8,0,0,0,0.6,0.6,0.07,-0.6,-0.6,Matches
480,Ashtone Morgan\caece619,ca CAN,DF,Real Salt Lake,29,1991,4.2,0,0,0,,0,0,,,,0,0,0,0,0,,0,0,Matches
481,Lewis Morgan\b675e328,sct SCO,FWDF,Inter Miami,24,1996,31.3,2,48,16,33.3,1.53,0.51,0.04,0.13,20,6,0,0,3.3,3.3,0.07,-1.3,-1.3,Matches
482,Jordan Morris\bd298d0d,us USA,FWMF,Seattle,26,1994,0.8,0,0,0,,0,0,,,,0,0,0,0,0,,0,0,Matches
483,Justin Morrow\0bee5512,us USA,DF,Toronto FC,33,1987,10.9,0,1,1,100,0.09,0.09,0,0,13.3,0,0,0,0,0,0.01,0,0,Matches
484,Kyle Morton\3f394ec5,us USA,GK,Houston Dynamo,26,1994,1,0,0,0,,0,0,,,,0,0,0,0,0,,0,0,Matches
485,João Moutinho\a0aee24e,pt POR,DF,Orlando City,23,1998,14.4,0,8,1,12.5,0.56,0.07,0,0,17.2,0,0,0,0.6,0.6,0.07,-0.6,-0.6,Matches
486,Chris Mueller\a5334099,us USA,FWMF,Orlando City,24,1996,18.2,3,35,10,28.6,1.92,0.55,0.09,0.3,17.1,0,0,0,3.2,3.2,0.09,-0.2,-0.2,Matches
487,Hany Mukhtar\87fe8526,de GER,FWMF,Nashville,25,1995,27.7,16,93,42,45.2,3.35,1.51,0.16,0.36,18.1,16,1,2,10.8,9.2,0.1,+5.2,+5.8,Matches
488,Patrick Mullins\a03a84d3,us USA,FWMF,Toronto FC,28,1992,8.9,1,18,4,22.2,2.02,0.45,0.06,0.25,14.5,1,0,0,1.5,1.5,0.09,-0.5,-0.5,Matches
489,Jake Mulraney\0f04858e,ie IRL,FWDF,Atlanta Utd,24,1996,12.5,1,25,11,44,1.99,0.88,0.04,0.09,18.6,0,0,0,2.7,2.7,0.11,-1.7,-1.7,Matches
490,Eddie Munjoma\0e1f6ffa,us USA,DF,FC Dallas,22,1998,5.2,0,1,1,100,0.19,0.19,0,0,21,0,0,0,0.1,0.1,0.07,-0.1,-0.1,Matches
491,Daniel Musovski\925a2703,us USA,FWMF,Los Angeles FC,25,1995,7.9,4,22,11,50,2.77,1.38,0.18,0.36,13.5,0,0,0,3.9,3.9,0.18,+0.1,+0.1,Matches
492,Alex Muyl\2c1025bf,us USA,MFFW,Nashville,25,1995,17.1,3,21,5,23.8,1.23,0.29,0.1,0.4,17,0,1,1,2.3,1.5,0.07,+0.7,+0.5,Matches
493,Darlington Nagbe\6219c704,us USA,MF,Columbus Crew,30,1990,32.3,2,17,4,23.5,0.53,0.12,0.12,0.5,19.7,0,0,0,1.5,1.5,0.09,+0.5,+0.5,Matches
494,Andy Najar\f8280175,hn HON,DF,D.C. United,27,1993,21.3,1,17,2,11.8,0.8,0.09,0.06,0.5,14.2,0,0,0,1.6,1.6,0.1,-0.6,-0.6,Matches
495,Younes Namli\1a672e2d,dk DEN,MFFW,Colorado Rapids,26,1994,5.9,1,11,4,36.4,1.86,0.68,0.09,0.25,21.5,0,0,0,0.5,0.5,0.05,+0.5,+0.5,Matches
496,Nani\15e9c7e6,pt POR,FWMF,Orlando City,34,1986,20.3,10,62,22,35.5,3.05,1.08,0.13,0.36,21.3,6,2,3,6.2,3.9,0.06,+3.8,+4.1,Matches
497,Federico Navarro\61c628be,ar ARG,MF,Chicago Fire,20,2000,10.8,1,13,4,30.8,1.21,0.37,0.08,0.25,24.4,0,0,0,0.4,0.4,0.03,+0.6,+0.6,Matches
498,Miguel Navarro\3fbff39a,ve VEN,DF,Chicago Fire,21,1999,24.7,0,14,0,0,0.57,0,0,,22.8,0,0,0,0.5,0.5,0.04,-0.5,-0.5,Matches
499,Dylan Nealis\24f4dd87,us USA,DF,Nashville,22,1998,1.7,0,1,0,0,0.6,0,0,,31.1,0,0,0,0,0,0.02,0,0,Matches
500,Sean Nealis\8c1b17b3,us USA,DF,NY Red Bulls,24,1997,27,1,20,3,15,0.74,0.11,0.05,0.33,8.5,0,0,0,2.1,2.1,0.11,-1.1,-1.1,Matches
501,Jayden Nelson\92305a81,ca CAN,FWMF,Toronto FC,18,2002,2.8,0,6,2,33.3,2.16,0.72,0,0,19.8,0,0,0,0.3,0.3,0.05,-0.3,-0.3,Matches
502,John Nelson\df8c4d49,us USA,DF,FC Dallas,22,1998,6.2,0,0,0,,0,0,,,,0,0,0,0,0,,0,0,Matches
503,Michael Nelson\f4a12161,us USA,GK,Houston Dynamo,25,1995,11,0,0,0,,0,0,,,,0,0,0,0,0,,0,0,Matches
504,Jake Nerwinski\2b5801d0,us USA,DF,Vancouver,26,1994,19.1,1,7,3,42.9,0.37,0.16,0.14,0.33,11.5,0,0,0,0.8,0.8,0.11,+0.2,+0.2,Matches
505,Michee Ngalina\9837830f,cd COD,FW,Los Angeles FC,20,2000,0.6,0,2,0,0,3.46,0,0,,15.3,0,0,0,0.1,0.1,0.07,-0.1,-0.1,Matches
506,Jarosław Niezgoda\60c659b6,pl POL,FW,Portland Timbers,25,1995,2.9,3,7,5,71.4,2.45,1.75,0.43,0.6,10.2,0,0,0,1.4,1.4,0.2,+1.6,+1.6,Matches
507,Chinonso Nnamdi Offor\dc590664,ng NGA,FW,Chicago Fire,20,2000,14.7,1,36,15,41.7,2.45,1.02,0.03,0.07,12.5,0,0,0,3.5,3.5,0.1,-2.5,-2.5,Matches
508,Moses Nyeman\09d33255,us USA,MF,D.C. United,17,2003,8.9,0,6,2,33.3,0.67,0.22,0,0,21.8,0,0,0,0.4,0.4,0.07,-0.4,-0.4,Matches
509,Shane O'Neill\a62a56b4,us USA,DF,Seattle,27,1993,20.6,1,7,1,14.3,0.34,0.05,0.14,1,14.5,0,0,0,0.5,0.5,0.08,+0.5,+0.5,Matches
510,Jáder Obrian\1471b2a8,co COL,FW,FC Dallas,25,1995,24.2,9,44,23,52.3,1.82,0.95,0.2,0.39,15.6,0,0,0,6.7,6.7,0.15,+2.3,+2.3,Matches
511,David Ochoa\dba6b279,us USA,GK,Real Salt Lake,20,2001,25,0,0,0,,0,0,,,,0,0,0,0,0,,0,0,Matches
512,Chris Odoi-Atsem\375ec69e,us USA,DF,D.C. United,25,1995,4.2,0,3,1,33.3,0.72,0.24,0,0,9.5,0,0,0,0.1,0.1,0.04,-0.1,-0.1,Matches
513,Noble Okello\6bc16162,ca CAN,MF,Toronto FC,20,2000,9.5,0,4,1,25,0.42,0.11,0,0,17,0,0,0,0.2,0.2,0.06,-0.2,-0.2,Matches
514,Wyatt Omsberg\cd44ba68,us USA,DF,Chicago Fire,25,1995,8.4,0,7,0,0,0.83,0,0,,10.7,0,0,0,0.4,0.4,0.06,-0.4,-0.4,Matches
515,Kwadwo Opoku\226a288e,gh GHA,FW,Los Angeles FC,19,2001,2.8,0,5,2,40,1.8,0.72,0,0,20.1,0,0,0,0.2,0.2,0.05,-0.2,-0.2,Matches
516,Arquimides Ordonez\8941d9b2,us USA,FWDF,FC Cincinnati,17,2003,0.4,0,0,0,,0,0,,,,0,0,0,0,0,,0,0,Matches
517,Jonathan Osorio\70106ff6,ca CAN,MFFW,Toronto FC,28,1992,18.3,4,18,7,38.9,0.98,0.38,0.22,0.57,13.3,0,0,0,4.3,4.3,0.24,-0.3,-0.3,Matches
518,Leonard Owusu\a06c6c8a,gh GHA,MF,Vancouver,23,1997,11.8,0,6,0,0,0.51,0,0,,24,0,0,0,0.2,0.2,0.03,-0.2,-0.2,Matches
519,Diego Palacios\6ec37f2e,ec ECU,DFMF,Los Angeles FC,21,1999,19.5,0,19,5,26.3,0.97,0.26,0,0,23.3,0,0,0,0.7,0.7,0.04,-0.7,-0.7,Matches
520,James Pantemis\901408ac,ca CAN,GK,CF Montréal,23,1997,18,0,0,0,,0,0,,,,0,0,0,0,0,,0,0,Matches
521,Cristhian Paredes\0d8a2551,py PAR,MF,Portland Timbers,22,1998,13.2,3,20,4,20,1.52,0.3,0.15,0.75,19.1,0,0,0,2.7,2.7,0.14,+0.3,+0.3,Matches
522,Kevin Paredes\5c50fdbc,us USA,DFFW,D.C. United,17,2003,17.1,3,21,8,38.1,1.22,0.47,0.14,0.38,17,0,0,0,2.3,2.3,0.11,+0.7,+0.7,Matches
523,Isaiah Parente\6dbc74d6,us USA,MFFW,Columbus Crew,20,2000,2.4,0,0,0,,0,0,,,,0,0,0,0,0,,0,0,Matches
524,Tim Parker\4988a44d,us USA,DF,Houston Dynamo,27,1993,34,0,12,2,16.7,0.35,0.06,0,0,7.3,0,0,0,1.2,1.2,0.1,-1.2,-1.2,Matches
525,Keaton Parks\77986763,us USA,MF,NYCFC,23,1997,27.1,4,32,7,21.9,1.18,0.26,0.13,0.57,16.7,0,0,0,2.3,2.3,0.07,+1.7,+1.7,Matches
526,Tyler Pasher\3a7bec1b,ca CAN,FW,Houston Dynamo,26,1994,9.4,4,12,7,58.3,1.28,0.74,0.33,0.57,16.3,0,0,0,1.8,1.8,0.15,+2.2,+2.2,Matches
527,Alexandre Pato\7dd83c7d,br BRA,FWMF,Orlando City,31,1989,1.2,0,4,2,50,3.36,1.68,0,0,18.5,1,0,0,0.5,0.5,0.12,-0.5,-0.5,Matches
528,João Paulo Mior\b96aa1d6,br BRA,MF,Seattle,29,1991,28.2,3,28,11,39.3,0.99,0.39,0.11,0.27,22.8,2,0,0,1.7,1.7,0.06,+1.3,+1.3,Matches
529,Jason Pendant\22fe9049,fr FRA,DF,NY Red Bulls,23,1997,0.1,0,0,0,,0,0,,,,0,0,0,0,0,,0,0,Matches
530,Joshua Penn\29c8decb,us USA,FW,Inter Miami,20,2000,0.2,0,0,0,,0,0,,,,0,0,0,0,0,,0,0,Matches
531,Ricardo Pepi\a2b1ed42,us USA,FW,FC Dallas,18,2003,23.2,13,66,30,45.5,2.84,1.29,0.2,0.43,14.7,0,0,1,9.7,9,0.14,+3.3,+4.0,Matches
532,Andrés Perea\7e1dbecf,us USA,MFFW,Orlando City,20,2000,19.3,2,20,9,45,1.04,0.47,0.1,0.22,17.1,0,0,0,2,2,0.1,0,0,Matches
533,Daniel Pereira\b8862e65,ve VEN,MF,Austin FC,20,2000,17.3,0,18,2,11.1,1.04,0.12,0,0,23.6,0,0,0,0.7,0.7,0.04,-0.7,-0.7,Matches
534,Mauricio Pereyra\f45eb18d,uy URU,MF,Orlando City,30,1990,24,1,23,8,34.8,0.96,0.33,0.04,0.13,21.1,3,0,1,2.3,1.5,0.07,-1.3,-0.5,Matches
535,Adrien Perez\298a167b,us USA,FWMF,D.C. United,25,1995,9.7,0,27,9,33.3,2.8,0.93,0,0,18.1,0,0,0,2.6,2.6,0.1,-2.6,-2.6,Matches
536,Jonathan Perez\41e57408,us USA,FWDF,LA Galaxy,18,2003,0.2,0,1,0,0,6.43,0,0,,20.2,0,0,0,0,0,0.02,0,0,Matches
537,Manny Perez\27162b95,us USA,FWMF,Austin FC,21,1999,4.2,0,6,1,16.7,1.43,0.24,0,0,11.3,0,0,0,1.5,1.5,0.25,-1.5,-1.5,Matches
538,Jordan Perruzza\edc8791f,ca CAN,FW,Toronto FC,20,2001,1.6,1,4,1,25,2.57,0.64,0.25,1,13.9,0,0,0,1,1,0.26,0,0,Matches
539,Tom Pettersson\c1268aa3,se SWE,DF,FC Cincinnati,30,1990,4,0,3,1,33.3,0.75,0.25,0,0,5.6,0,0,0,0.8,0.8,0.29,-0.8,-0.8,Matches
540,Fafà Picault\dbaa10c0,us USA,FWMF,Houston Dynamo,29,1991,27.3,11,47,17,36.2,1.72,0.62,0.17,0.47,13.8,0,3,3,9.3,7,0.15,+1.7,+1.0,Matches
541,Samuel Piette\bc33c73b,ca CAN,MF,CF Montréal,26,1994,19,1,14,2,14.3,0.74,0.11,0.07,0.5,18.2,0,0,0,1.6,1.6,0.11,-0.6,-0.6,Matches
542,Mauricio Pineda\e0c17cde,us USA,DFMF,Chicago Fire,23,1997,26.7,1,16,6,37.5,0.6,0.22,0.06,0.17,16.9,0,0,0,1.4,1.4,0.09,-0.4,-0.4,Matches
543,Rodrigo Piñeiro\d2a78b5e,uy URU,MF,Nashville,21,1999,0.1,0,0,0,,0,0,,,,0,0,0,0,0,,0,0,Matches
544,Donovan Pines\7bd25363,us USA,DF,D.C. United,22,1998,15.4,0,12,4,33.3,0.78,0.26,0,0,9.8,0,0,0,1.2,1.2,0.1,-1.2,-1.2,Matches
545,Rodolfo Pizarro\4b49ed54,mx MEX,FWMF,Inter Miami,26,1994,18.8,3,23,9,39.1,1.22,0.48,0.13,0.33,17.8,0,0,0,2.9,2.9,0.13,+0.1,+0.1,Matches
546,Tomas Pochettino\fb36aa6b,ar ARG,MFFW,Austin FC,24,1996,24.7,2,64,13,20.3,2.59,0.53,0.03,0.15,19.7,4,0,0,3.9,3.9,0.06,-1.9,-1.9,Matches
547,Andy Polo\d886b9b9,pe PER,FWMF,Portland Timbers,26,1994,2,0,0,0,,0,0,,,,0,0,0,0,0,,0,0,Matches
548,Matt Polster\d1d418f8,us USA,MF,New England,27,1993,25.3,2,14,3,21.4,0.55,0.12,0.14,0.67,12.5,0,0,0,1.2,1.2,0.09,+0.8,+0.8,Matches
549,Paxton Pomykal\c1f0fb45,us USA,FWMF,FC Dallas,21,1999,16.8,1,19,8,42.1,1.13,0.47,0.05,0.13,17.3,0,0,0,1.6,1.6,0.08,-0.6,-0.6,Matches
550,Justin Portillo\b7aa9657,us USA,MF,Real Salt Lake,28,1992,0.2,0,0,0,,0,0,,,,0,0,0,0,0,,0,0,Matches
551,Noah Powder\503561e4,tt TRI,DF,Real Salt Lake,22,1998,3.2,0,10,3,30,3.17,0.95,0,0,24.9,0,0,0,0.3,0.3,0.03,-0.3,-0.3,Matches
552,Alvas Powell\2f91124d,jm JAM,DF,Philadelphia,26,1994,3.4,0,4,1,25,1.16,0.29,0,0,26.9,0,0,0,0.1,0.1,0.02,-0.1,-0.1,Matches
553,Alejandro Pozuelo\5e1280ff,es ESP,MFFW,Toronto FC,29,1991,15,1,30,11,36.7,2,0.73,0.03,0.09,19.4,4,0,0,2.7,2.7,0.09,-1.7,-1.7,Matches
554,Jack Price\6217c92d,eng ENG,MF,Colorado Rapids,28,1992,28.1,0,13,4,30.8,0.46,0.14,0,0,26.4,0,0,0,0.6,0.6,0.04,-0.6,-0.6,Matches
555,Ralph Priso-Mbongue\acb3e899,ca CAN,MF,Toronto FC,18,2002,6.3,1,1,1,100,0.16,0.16,1,1,11.4,0,0,0,0.1,0.1,0.09,+0.9,+0.9,Matches
556,Kacper Przybyłko\4c53a714,pl POL,FW,Philadelphia,27,1993,29.5,12,62,29,46.8,2.1,0.98,0.16,0.34,12.7,0,2,2,11.4,9.9,0.16,+0.6,+0.1,Matches
557,Alan Pulido\b3085df7,mx MEX,FW,Sporting KC,29,1991,16.1,8,56,14,25,3.48,0.87,0.11,0.43,18.9,7,2,2,7.9,6.4,0.11,+0.1,-0.4,Matches
558,John Pulskamp\6b306c92,us USA,GK,Sporting KC,19,2001,6,0,0,0,,0,0,,,,0,0,0,0,0,,0,0,Matches
559,Roberto Punčec\a97afc61,hr CRO,DF,Sporting KC,29,1991,1.4,0,2,1,50,1.38,0.69,0,0,8.1,0,0,0,0.1,0.1,0.05,-0.1,-0.1,Matches
560,Andrew Putna\5ba8a3f3,us USA,GK,Real Salt Lake,26,1994,2.5,0,0,0,,0,0,,,,0,0,0,0,0,,0,0,Matches
561,Álvaro Quezada\621a4365,us USA,DF,Los Angeles FC,21,1999,0.2,0,0,0,,0,0,,,,0,0,0,0,0,,0,0,Matches
562,Facundo Quignon\5b33b84c,ar ARG,MF,FC Dallas,27,1993,14.8,0,14,2,14.3,0.94,0.13,0,0,17.1,0,0,0,1.3,1.3,0.09,-1.3,-1.3,Matches
563,Darwin Quintero\0cc00553,co COL,MFFW,Houston Dynamo,33,1987,11.3,3,37,16,43.2,3.27,1.41,0.05,0.13,19.4,4,1,1,4,3.3,0.09,-1,-1.3,Matches
564,Romell Quioto\122e850d,hn HON,FW,CF Montréal,29,1991,13.7,8,45,16,35.6,3.29,1.17,0.16,0.44,14,1,1,1,9.5,8.7,0.2,-1.5,-1.7,Matches
565,Kaveh Rad\ec7cb356,us USA,DF,Sporting KC,19,2001,2.7,0,0,0,,0,0,,,,0,0,0,0,0,,0,0,Matches
566,Jukka Raitala\67b054d1,fi FIN,DF,Minnesota Utd,32,1988,6,0,1,0,0,0.17,0,0,,17.1,0,0,0,0,0,0.05,0,0,Matches
567,Christian Ramirez\316d5521,us USA,FW,Houston Dynamo,29,1991,1,1,2,1,50,1.98,0.99,0.5,1,16.6,0,0,0,0.1,0.1,0.07,+0.9,+0.9,Matches
568,Ryan Raposo\f006a9b3,ca CAN,MFFW,Vancouver,21,1999,4.2,0,8,3,37.5,1.89,0.71,0,0,16.1,0,0,0,1,1,0.12,-1,-1,Matches
569,Rayan Raveloson\fb3236a7,mg MAD,MFDF,LA Galaxy,24,1997,21.4,5,38,13,34.2,1.77,0.61,0.13,0.38,21.9,1,0,0,2.4,2.4,0.06,+2.6,+2.6,Matches
570,Matthew Real\1c2c030a,us USA,DFMF,Philadelphia,21,1999,1.7,0,0,0,,0,0,,,,0,0,0,0,0,,0,0,Matches
571,Rodney Redes\426c3982,py PAR,FWMF,Austin FC,20,2000,8,0,11,2,18.2,1.37,0.25,0,0,14.6,0,0,0,1.8,1.8,0.17,-1.8,-1.8,Matches
572,Eric Remedi\38e2cbd6,ar ARG,MF,San Jose,25,1995,26.2,0,11,1,9.1,0.42,0.04,0,0,22.5,0,0,0,0.3,0.3,0.03,-0.3,-0.3,Matches
573,Justin Rennicks\0aaa1c04,us USA,FW,New England,21,1999,0,0,0,0,,0,0,,,,0,0,0,0,0,,0,0,Matches
574,Andrés Reyes\36ab14f5,co COL,DF,NY Red Bulls,21,1999,15.7,2,16,2,12.5,1.02,0.13,0.13,1,11.7,0,0,0,1.2,1.2,0.07,+0.8,+0.8,Matches
575,Yordy Reyna\eec316d9,pe PER,FWMF,D.C. United,27,1993,10.5,4,29,13,44.8,2.77,1.24,0.14,0.31,17.2,1,0,0,3.3,3.3,0.11,+0.7,+0.7,Matches
576,Emanuel Reynoso\614b26e3,ar ARG,MFFW,Minnesota Utd,25,1995,26.5,5,93,23,24.7,3.52,0.87,0.04,0.17,24,20,1,1,5.6,4.9,0.05,-0.6,-0.9,Matches
577,Andrés Ricaurte\4db5b8cb,co COL,MF,FC Dallas,29,1991,10.9,1,17,5,29.4,1.55,0.46,0.06,0.2,22.9,0,0,0,1.5,1.5,0.09,-0.5,-0.5,Matches
578,Spencer Richey\d9178ea2,us USA,GK,Seattle,28,1992,2,0,0,0,,0,0,,,,0,0,0,0,0,,0,0,Matches
579,Tosaint Ricketts\54769358,ca CAN,FW,Vancouver,33,1987,2.1,0,5,0,0,2.43,0,0,,12.8,0,0,0,0.3,0.3,0.06,-0.3,-0.3,Matches
580,Alexander Ring\6c1221d6,fi FIN,MF,Austin FC,29,1991,30,4,40,14,35,1.33,0.47,0.1,0.29,19.9,1,0,0,3.5,3.5,0.09,+0.5,+0.5,Matches
581,Andrés Ríos\f825bd33,ar ARG,FWMF,San Jose,31,1989,10.7,0,25,6,24,2.34,0.56,0,0,18,0,0,0,2.4,2.4,0.1,-2.4,-2.4,Matches
582,Damien Rivera\2822f3dd,us USA,MF,New England,18,2002,0.3,0,0,0,,0,0,,,,0,0,0,0,0,,0,0,Matches
583,Nigel Robertha\a94bad97,nl NED,FWMF,D.C. United,22,1998,10.5,4,24,13,54.2,2.29,1.24,0.17,0.31,13,0,0,0,4.2,4.2,0.17,-0.2,-0.2,Matches
584,Miles Robinson\782a95d9,us USA,DF,Atlanta Utd,23,1997,25.5,1,13,3,23.1,0.51,0.12,0.08,0.33,9,0,0,0,0.8,0.8,0.06,+0.2,+0.2,Matches
585,Robbie Robinson\e0dae99f,us USA,FWMF,Inter Miami,22,1998,15.2,4,37,12,32.4,2.43,0.79,0.11,0.33,14.4,0,0,0,5.1,5.1,0.14,-1.1,-1.1,Matches
586,Tony Rocha\85538cdd,bz BLZ,MFFW,NYCFC,27,1993,0.3,0,2,1,50,6.43,3.21,0,0,6.5,0,0,0,0.7,0.7,0.4,-0.7,-0.7,Matches
587,Brian Rodríguez\c86041d7,uy URU,FWMF,Los Angeles FC,20,2000,11.3,4,25,11,44,2.21,0.97,0.16,0.36,15.9,1,0,0,3.5,3.5,0.14,+0.5,+0.5,Matches
588,Memo Rodriguez\fc6c6b2b,us USA,MFFW,Houston Dynamo,25,1995,17.4,2,62,23,37.1,3.57,1.32,0.03,0.09,21.3,6,0,0,3.6,3.6,0.06,-1.6,-1.6,Matches
589,Santiago Rodríguez\86dff811,uy URU,FWMF,NYCFC,21,2000,10.9,3,26,10,38.5,2.38,0.91,0.12,0.3,15.9,0,0,0,3.9,3.9,0.15,-0.9,-0.9,Matches
590,Alex Roldan\1255a82a,sv SLV,DF,Seattle,24,1996,25.2,1,8,2,25,0.32,0.08,0.13,0.5,20.4,0,0,0,0.4,0.4,0.04,+0.6,+0.6,Matches
591,Cristian Roldan\48875649,us USA,MFFW,Seattle,25,1995,26.2,6,54,14,25.9,2.06,0.53,0.11,0.43,13.7,0,0,0,6.3,6.3,0.12,-0.3,-0.3,Matches
592,Jhohan Romaña\4e32c2d6,co COL,DF,Austin FC,22,1998,20,0,8,1,12.5,0.4,0.05,0,0,9.2,0,0,0,0.6,0.6,0.07,-0.6,-0.6,Matches
593,Tomas Romero\3349dcba,sv SLV,GK,Los Angeles FC,20,2000,18,0,0,0,,0,0,,,,0,0,0,0,0,,0,0,Matches
594,David Romney\b7b6e781,us USA,DF,Nashville,27,1993,33,0,18,1,5.6,0.55,0.03,0,0,10.5,0,0,0,1.3,1.3,0.07,-1.3,-1.3,Matches
595,Eloy Room\6b33d86b,cw CUW,GK,Columbus Crew,31,1989,30,0,0,0,,0,0,,,,0,0,0,0,0,,0,0,Matches
596,Joseph Rosales\6a29d06b,hn HON,MFFW,Minnesota Utd,20,2000,1.2,0,1,0,0,0.8,0,0,,20.2,0,0,0,0,0,0.03,0,0,Matches
597,Andy Rose\a16d3560,au AUS,DF,Vancouver,30,1990,18.3,2,6,2,33.3,0.33,0.11,0.33,1,9.2,0,0,0,0.7,0.7,0.11,+1.3,+1.3,Matches
598,Oriol Rosell\2a17ef3e,es ESP,MF,Orlando City,28,1992,5.7,0,2,0,0,0.35,0,0,,19.6,0,0,0,0.1,0.1,0.03,-0.1,-0.1,Matches
599,Keegan Rosenberry\f940c69e,us USA,DF,Colorado Rapids,27,1993,29.6,2,12,2,16.7,0.41,0.07,0.17,1,20.7,0,0,0,1.1,1.1,0.09,+0.9,+0.9,Matches
600,Matheus Rossetto\daf8c775,br BRA,MF,Atlanta Utd,24,1996,15.6,0,6,2,33.3,0.38,0.13,0,0,22.5,0,0,0,0.3,0.3,0.06,-0.3,-0.3,Matches
601,Diego Rossi\a81dba8c,uy URU,FW,Los Angeles FC,22,1998,18.4,6,62,23,37.1,3.38,1.25,0.08,0.22,16.7,0,1,1,9.1,8.3,0.13,-3.1,-3.3,Matches
602,Kelyn Rowe\cf928adb,us USA,MFDF,Seattle,29,1991,24.5,1,27,5,18.5,1.1,0.2,0.04,0.2,20.3,0,0,0,1.8,1.8,0.07,-0.8,-0.8,Matches
603,Daniel Royer\a92a4407,at AUT,FWMF,NY Red Bulls,30,1990,5.5,0,22,6,27.3,4.02,1.1,0,0,17.7,2,0,0,2,2,0.09,-2,-2,Matches
604,Ruan\f2665f7c,br BRA,DF,Orlando City,25,1995,20.9,2,9,4,44.4,0.43,0.19,0.22,0.5,15.1,0,0,0,1.6,1.6,0.18,+0.4,+0.4,Matches
605,Rubio Rubin\9bad7100,us USA,FW,Real Salt Lake,24,1996,24.8,8,70,26,37.1,2.82,1.05,0.11,0.31,14.5,0,0,0,9.8,9.8,0.14,-1.8,-1.8,Matches
606,Diego Rubio\3f082234,cl CHI,FWMF,Colorado Rapids,27,1993,18.4,5,51,16,31.4,2.77,0.87,0.1,0.31,17,3,0,1,5.9,5.2,0.1,-0.9,-0.2,Matches
607,Raúl Ruidíaz\7a4296e1,pe PER,FW,Seattle,30,1990,23.9,17,85,34,40,3.56,1.43,0.15,0.38,18,1,4,5,15.4,11.7,0.14,+1.6,+1.3,Matches
608,Pablo Ruíz\7368cd70,ar ARG,MF,Real Salt Lake,22,1998,22.8,0,35,8,22.9,1.53,0.35,0,0,26.3,4,0,0,1.3,1.3,0.04,-1.3,-1.3,Matches
609,Albert Rusnák\0adeafaa,sk SVK,MFFW,Real Salt Lake,26,1994,33.8,11,62,28,45.2,1.83,0.83,0.13,0.29,19,4,3,3,8.2,5.9,0.1,+2.8,+2.1,Matches
610,Johnny Russell\a30e1562,sct SCO,FW,Sporting KC,30,1990,24.7,15,66,28,42.4,2.67,1.13,0.18,0.43,17.7,9,3,3,9.1,6.8,0.1,+5.9,+5.2,Matches
611,Shea Salinas\4c10838d,us USA,DFFW,San Jose,34,1986,15.5,0,17,6,35.3,1.1,0.39,0,0,13.9,0,0,0,2.5,2.5,0.15,-2.5,-2.5,Matches
612,Dániel Sallói\6fcddf5f,hu HUN,FW,Sporting KC,24,1996,27.3,16,86,38,44.2,3.16,1.39,0.19,0.42,15.6,0,0,0,11.3,11.3,0.13,+4.7,+4.7,Matches
613,Ilie Sánchez\72979f65,es ESP,DFMF,Sporting KC,30,1990,27.9,1,12,3,25,0.43,0.11,0.08,0.33,12.8,1,0,0,1.1,1.1,0.09,-0.1,-0.1,Matches
614,James Sands\dccd127f,us USA,DFMF,NYCFC,20,2000,25.1,0,2,0,0,0.08,0,0,,32,0,0,0,0,0,0.01,0,0,Matches
615,Sergio Santos Gomes\a930b263,br BRA,FWMF,Philadelphia,26,1994,15.1,6,46,22,47.8,3.04,1.45,0.13,0.27,13.3,0,0,0,6.7,6.7,0.15,-0.7,-0.7,Matches
616,Pedro Santos\789da0f2,pt POR,FWDF,Columbus Crew,32,1988,28.4,4,52,19,36.5,1.83,0.67,0.04,0.11,22.7,1,2,3,5.7,3.4,0.07,-1.7,-1.4,Matches
617,C.J. Sapong\ef4e4c5d,us USA,FW,Nashville,32,1988,24.5,12,64,33,51.6,2.61,1.35,0.19,0.36,12.5,0,0,0,9.4,9.4,0.15,+2.6,+2.6,Matches
618,Rodrigo Schlegel\5bb02df4,ar ARG,DF,Orlando City,23,1997,17.5,0,8,4,50,0.46,0.23,0,0,10.5,0,0,0,0.3,0.3,0.04,-0.3,-0.3,Matches
619,Szabolcs Schön\d5ff481a,hu HUN,FW,FC Dallas,20,2000,10.6,0,21,3,14.3,1.99,0.28,0,0,17.8,0,0,0,2.7,2.7,0.13,-2.7,-2.7,Matches
620,Kyle Scott\1c24aacf,eng ENG,MF,FC Cincinnati,23,1997,1,0,1,1,100,0.98,0.98,0,0,11.7,0,0,0,0.1,0.1,0.06,-0.1,-0.1,Matches
621,Dante Sealy\620ae69c,us USA,FWMF,FC Dallas,17,2003,0.8,1,2,2,100,2.65,2.65,0.5,0.5,12.2,0,0,0,0.6,0.6,0.28,+0.4,+0.4,Matches
622,Eddie Segura\c70e3fe0,co COL,DF,Los Angeles FC,23,1997,14.3,0,7,1,14.3,0.49,0.07,0,0,12.4,0,0,0,0.4,0.4,0.06,-0.4,-0.4,Matches
623,Chris Seitz\8b388dd5,us USA,GK,D.C. United,33,1987,4,0,0,0,,0,0,,,,0,0,0,0,0,,0,0,Matches
624,Amar Sejdic\43ca2019,us USA,MF,Atlanta Utd,24,1996,4.7,0,6,1,16.7,1.26,0.21,0,0,25.7,0,0,0,0.2,0.2,0.03,-0.2,-0.2,Matches
625,Amar Sejdic\43ca2019,us USA,MF,CF Montréal,24,1996,4.3,0,2,0,0,0.46,0,0,,25.8,0,0,0,0,0,0.02,0,0,Matches
626,Boris Sekulić\adf26bd4,sk SVK,DF,Chicago Fire,29,1991,25.6,2,11,5,45.5,0.43,0.2,0.18,0.4,15.3,0,0,0,0.9,0.9,0.08,+1.1,+1.1,Matches
627,Brandon Servania\4d825a2d,us USA,MF,FC Dallas,21,1999,10.5,0,14,4,28.6,1.34,0.38,0,0,23.2,0,0,0,0.6,0.6,0.05,-0.6,-0.6,Matches
628,Jacob Shaffelburg\339a2561,ca CAN,FWMF,Toronto FC,21,1999,11,3,30,13,43.3,2.72,1.18,0.1,0.23,16.8,0,0,0,4.2,4.2,0.14,-1.2,-1.2,Matches
629,Ryan Shawcross\285a3d44,eng ENG,DF,Inter Miami,33,1987,9.1,0,3,1,33.3,0.33,0.11,0,0,8.1,0,0,0,0.3,0.3,0.1,-0.3,-0.3,Matches
630,Brek Shea\adb6ae24,us USA,DFFW,Inter Miami,30,1990,18.6,2,16,9,56.3,0.86,0.48,0.13,0.22,11.5,0,0,0,2.4,2.4,0.15,-0.4,-0.4,Matches
631,Khiry Shelton\f935709c,us USA,FW,Sporting KC,27,1993,24.8,3,25,10,40,1.01,0.4,0.12,0.3,12.8,0,0,0,4.8,4.8,0.19,-1.8,-1.8,Matches
632,Andre Shinyashiki\8c395868,br BRA,FWMF,Colorado Rapids,25,1995,15.9,4,45,17,37.8,2.83,1.07,0.09,0.24,14.5,0,0,0,5.8,5.8,0.13,-1.8,-1.8,Matches
633,Bobby Shuttleworth\4598ac94,us USA,GK,Chicago Fire,33,1987,23,0,0,0,,0,0,,,,0,0,0,0,0,,0,0,Matches
634,Marcelo Silva\b9596515,uy URU,DF,Real Salt Lake,31,1989,19,0,5,2,40,0.26,0.11,0,0,10.1,0,0,0,0.3,0.3,0.06,-0.3,-0.3,Matches
635,Luke Singh\9ae196a0,tt TRI,DF,Toronto FC,20,2000,5,1,2,2,100,0.4,0.4,0.5,0.5,6.5,0,0,0,0.8,0.8,0.4,+0.2,+0.2,Matches
636,Pablo Sisniega\550557e1,mx MEX,GK,Los Angeles FC,25,1995,8,0,0,0,,0,0,,,,0,0,0,0,0,,0,0,Matches
637,Jack Skahan\9c07bdc7,us USA,MFDF,San Jose,22,1998,2.8,0,8,1,12.5,2.82,0.35,0,0,24.9,0,0,0,0.2,0.2,0.03,-0.2,-0.2,Matches
638,Drew Skundrich\51f50135,us USA,MFFW,D.C. United,25,1995,12.8,0,15,5,33.3,1.17,0.39,0,0,15.9,0,0,0,1.3,1.3,0.09,-1.3,-1.3,Matches
639,Gabriel Slonina\c55a846e,us USA,GK,Chicago Fire,16,2004,11,0,0,0,,0,0,,,,0,0,0,0,0,,0,0,Matches
640,Brad Smith\c76c717c,au AUS,DF,Seattle,26,1994,18.1,3,20,5,25,1.11,0.28,0.15,0.6,16.6,0,0,0,2,2,0.1,+1.0,+1.0,Matches
641,Kimarni Smith\bbbb244b,eng ENG,FW,D.C. United,22,1998,1.1,0,1,0,0,0.9,0,0,,14.6,0,0,0,0.1,0.1,0.12,-0.1,-0.1,Matches
642,Kyle Smith\9e6b2ec3,us USA,DF,Orlando City,29,1992,19.9,1,14,5,35.7,0.7,0.25,0.07,0.2,16.7,0,0,0,0.9,0.9,0.06,+0.1,+0.1,Matches
643,Erik Sorga\02ba67a2,ee EST,FW,D.C. United,21,1999,2.8,0,2,0,0,0.72,0,0,,12.4,0,0,0,0.4,0.4,0.21,-0.4,-0.4,Matches
644,Santiago Sosa\f080dd22,ar ARG,MFDF,Atlanta Utd,21,1999,24.4,0,15,4,26.7,0.61,0.16,0,0,23.1,0,0,0,0.7,0.7,0.05,-0.7,-0.7,Matches
645,Yeferson Soteldo\bbb6c951,ve VEN,FW,Toronto FC,23,1997,19.3,3,43,14,32.6,2.23,0.73,0.07,0.21,20.1,6,0,2,5.9,4.4,0.1,-2.9,-1.4,Matches
646,Omar Sowe\310fd6d8,gm GAM,FW,NY Red Bulls,20,2000,0.2,0,0,0,,0,0,,,,0,0,0,0,0,,0,0,Matches
647,Dayne St. Clair\3f41d25f,ca CAN,GK,Minnesota Utd,23,1997,4,0,1,0,0,0.25,0,0,,14,0,0,0,0,0,0.04,0,0,Matches
648,Mason Stajduhar\f01df62c,us USA,GK,Orlando City,23,1997,5,0,0,0,,0,0,,,,0,0,0,0,0,,0,0,Matches
649,Caleb Stanko\381e52af,us USA,MFDF,FC Cincinnati,27,1993,13,0,3,0,0,0.23,0,0,,17.7,0,0,0,0.1,0.1,0.03,-0.1,-0.1,Matches
650,Aedan Stanley\61cd3bcf,us USA,DF,Austin FC,21,1999,2.6,0,1,0,0,0.39,0,0,,26.5,0,0,0,0,0,0.01,0,0,Matches
651,Daniel Steres\17c03c76,us USA,DF,LA Galaxy,30,1990,12.6,0,8,2,25,0.63,0.16,0,0,6.9,0,0,0,1.3,1.3,0.16,-1.3,-1.3,Matches
652,Luka Stojanović\1a892191,rs SRB,MF,Chicago Fire,27,1994,15,8,45,17,37.8,3.01,1.14,0.18,0.47,16.5,3,0,0,5.6,5.6,0.12,+2.4,+2.4,Matches
653,Jared Stroud\5d018899,us USA,FWMF,Austin FC,24,1996,12.9,1,27,8,29.6,2.09,0.62,0.04,0.13,16.3,0,0,0,2.3,2.3,0.08,-1.3,-1.3,Matches
654,Aljaž Struna\b82c2982,si SVN,DF,CF Montréal,30,1990,15.9,1,4,1,25,0.25,0.06,0.25,1,8.3,0,0,0,0.2,0.2,0.05,+0.8,+0.8,Matches
655,Brad Stuver\6a1940d5,us USA,GK,Austin FC,29,1991,33,0,0,0,,0,0,,,,0,0,0,0,0,,0,0,Matches
656,Quinn Sullivan\92f62cfe,us USA,FWMF,Philadelphia,16,2004,6,2,11,6,54.5,1.84,1,0.18,0.33,15.2,0,0,0,1.2,1.2,0.11,+0.8,+0.8,Matches
657,Hunter Sulte\92823044,us USA,GK,Portland Timbers,18,2002,1.3,0,0,0,,0,0,,,,0,0,0,0,0,,0,0,Matches
658,Ben Sweat\6937b1ac,us USA,DF,Austin FC,29,1991,1,0,0,0,,0,0,,,,0,0,0,0,0,,0,0,Matches
659,Ballou Tabla\018bd079,ca CAN,DFMF,CF Montréal,21,1999,0.2,0,2,0,0,8.57,0,0,,16.4,0,0,0,0.1,0.1,0.06,-0.1,-0.1,Matches
660,Ismael Tajouri-Shradi\ef4249ff,ly LBY,FWMF,NYCFC,26,1994,13.7,7,44,14,31.8,3.22,1.02,0.16,0.5,18.3,4,0,0,4.8,4.8,0.11,+2.2,+2.2,Matches
661,Andrew Tarbell\c5487a34,us USA,GK,Austin FC,27,1993,1,0,0,0,,0,0,,,,0,0,0,0,0,,0,0,Matches
662,Amro Tarek\52c930c0,eg EGY,DF,NY Red Bulls,28,1992,9.6,0,5,1,20,0.52,0.1,0,0,7.3,0,0,0,0.4,0.4,0.08,-0.4,-0.4,Matches
663,D.J. Taylor\ed4dc7f4,us USA,DF,Minnesota Utd,23,1997,6.9,0,3,1,33.3,0.43,0.14,0,0,23.6,0,0,0,0.1,0.1,0.03,-0.1,-0.1,Matches
664,Russell Teibert\674befe9,ca CAN,MF,Vancouver,28,1992,26.8,1,10,1,10,0.37,0.04,0.1,1,23.1,0,0,0,0.3,0.3,0.03,+0.7,+0.7,Matches
665,Carlos Terán\324509e2,co COL,DF,Chicago Fire,20,2000,10.8,1,4,2,50,0.37,0.18,0.25,0.5,8.8,0,0,0,0.4,0.4,0.1,+0.6,+0.6,Matches
666,Tanner Tessmann\ac277993,us USA,MF,FC Dallas,19,2001,5,0,4,0,0,0.8,0,0,,19.6,0,0,0,0.2,0.2,0.04,-0.2,-0.2,Matches
667,Thiago\6adb0b79,br BRA,FW,NYCFC,20,2000,10.8,4,26,9,34.6,2.41,0.83,0.15,0.44,14.2,0,0,0,2.8,2.8,0.11,+1.2,+1.2,Matches
668,Tommy Thompson\5f6c69d8,us USA,DF,San Jose,25,1995,8.3,0,0,0,,0,0,,,,0,0,0,0,0,,0,0,Matches
669,Anton Tinnerholm\0fe96099,se SWE,DF,NYCFC,29,1991,22.3,0,20,3,15,0.9,0.13,0,0,19.8,0,0,0,1,1,0.05,-1,-1,Matches
670,Donny Toia\d286f965,us USA,DF,Real Salt Lake,28,1992,14.7,0,15,3,20,1.02,0.2,0,0,17.9,0,0,0,0.7,0.7,0.04,-0.7,-0.7,Matches
671,John Tolkin\5e88c524,us USA,DFMF,NY Red Bulls,18,2002,22.1,1,21,4,19,0.95,0.18,0.05,0.25,26.1,1,0,0,0.9,0.9,0.04,+0.1,+0.1,Matches
672,Nouhou Tolo\0796512f,cm CMR,DF,Seattle,23,1997,16.2,0,5,0,0,0.31,0,0,,12.3,0,0,0,0.5,0.5,0.09,-0.5,-0.5,Matches
673,Erick Torres\b7f98460,mx MEX,FW,Atlanta Utd,28,1993,7,0,20,6,30,2.87,0.86,0,0,13.5,0,0,0,1.2,1.2,0.06,-1.2,-1.2,Matches
674,Joaquín Torres\c82dcb70,ar ARG,FWMF,CF Montréal,24,1997,21,4,37,14,37.8,1.76,0.67,0.11,0.29,20.4,1,0,0,3.7,3.7,0.1,+0.3,+0.3,Matches
675,Dantouma Toure\b5d2014f,gn GUI,FW,Colorado Rapids,16,2004,0,0,0,0,,0,0,,,,0,0,0,0,0,,0,0,Matches
676,Mason Toye\0aa41f67,us USA,FW,CF Montréal,22,1998,9.9,7,22,12,54.5,2.23,1.21,0.23,0.42,15.7,0,2,2,6.1,4.6,0.21,+0.9,+0.4,Matches
677,Wil Trapp\9bf9391c,us USA,MF,Minnesota Utd,28,1993,30.3,1,15,3,20,0.49,0.1,0.07,0.33,24.2,0,0,0,0.6,0.6,0.04,+0.4,+0.4,Matches
678,Auston Trusty\cddf767b,us USA,DF,Colorado Rapids,22,1998,33,1,18,5,27.8,0.55,0.15,0.06,0.2,12.9,0,0,0,1.2,1.2,0.07,-0.2,-0.2,Matches
679,Bill Tuiloma\bf547c54,nz NZL,DF,Portland Timbers,25,1995,20.1,1,21,6,28.6,1.05,0.3,0.05,0.17,13.8,4,0,0,1.2,1.2,0.06,-0.2,-0.2,Matches
680,Cole Turner\30ec7b37,us USA,DF,Philadelphia,19,2001,0.1,0,0,0,,0,0,,,,0,0,0,0,0,,0,0,Matches
681,Matt Turner\4a51ba65,us USA,GK,New England,26,1994,28,0,0,0,,0,0,,,,0,0,0,0,0,,0,0,Matches
682,Ema Twumasi\9ca4b140,gh GHA,DF,FC Dallas,23,1997,18.9,0,7,1,14.3,0.37,0.05,0,0,21.7,0,0,0,0.3,0.3,0.05,-0.3,-0.3,Matches
683,Przemysław Tytoń\1fa85681,pl POL,GK,FC Cincinnati,34,1987,14.3,0,0,0,,0,0,,,,0,0,0,0,0,,0,0,Matches
684,Victor Ulloa\e7056f05,us USA,MFDF,Inter Miami,28,1992,13.8,0,5,2,40,0.36,0.15,0,0,18.4,1,0,0,0.5,0.5,0.11,-0.5,-0.5,Matches
685,Maximiliano Urruti\6c8fb474,ar ARG,FW,Houston Dynamo,29,1991,24.9,7,79,28,35.4,3.17,1.13,0.09,0.25,18.2,3,0,0,6.7,6.7,0.09,+0.3,+0.3,Matches
686,Júnior Urso\b40424f1,br BRA,MF,Orlando City,31,1989,27.6,4,47,14,29.8,1.7,0.51,0.09,0.29,18.2,0,0,0,3.9,3.9,0.08,+0.1,+0.1,Matches
687,Zarek Valentin\f0d23e7b,pr PUR,DF,Houston Dynamo,29,1991,26.6,0,2,0,0,0.08,0,0,,12.3,0,0,0,0.1,0.1,0.06,-0.1,-0.1,Matches
688,Milton Valenzuela\82318d24,ar ARG,DF,Columbus Crew,22,1998,9.7,0,6,0,0,0.62,0,0,,20.1,0,0,0,0.2,0.2,0.03,-0.2,-0.2,Matches
689,Diego Valeri\31da63ad,ar ARG,MFFW,Portland Timbers,34,1986,13.7,2,34,10,29.4,2.49,0.73,0.03,0.1,20.7,3,1,2,4.2,2.7,0.08,-2.2,-1.7,Matches
690,Gustavo Vallecilla\2ce88662,ec ECU,DF,FC Cincinnati,21,1999,22.2,2,12,6,50,0.54,0.27,0.17,0.33,15.4,0,0,0,0.8,0.8,0.07,+1.2,+1.2,Matches
691,Florian Valot\ad454d78,fr FRA,MFFW,FC Cincinnati,27,1993,3.7,0,7,1,14.3,1.91,0.27,0,0,19,0,0,0,0.3,0.3,0.05,-0.3,-0.3,Matches
692,Florian Valot\ad454d78,fr FRA,MFDF,NY Red Bulls,27,1993,1.1,0,0,0,,0,0,,,,0,0,0,0,0,,0,0,Matches
693,José Van Rankin\09ce2ebe,mx MEX,DF,Portland Timbers,27,1993,27.2,0,12,1,8.3,0.44,0.04,0,0,17.8,0,0,0,1.2,1.2,0.1,-1.2,-1.2,Matches
694,Freddy Vargas\3c1e61cf,ve VEN,FW,FC Dallas,21,1999,6,0,13,4,30.8,2.18,0.67,0,0,20.5,1,0,0,0.7,0.7,0.05,-0.7,-0.7,Matches
695,Obed Vargas\9cc1fde4,us USA,FW,Seattle,15,2005,0.8,0,0,0,,0,0,,,,0,0,0,0,0,,0,0,Matches
696,Indiana Vassilev\04e195ee,us USA,FWMF,Inter Miami,19,2001,8.9,3,12,6,50,1.35,0.67,0.25,0.5,15.1,0,0,0,1.6,1.6,0.13,+1.4,+1.4,Matches
697,Brandon Vazquez\c570cf22,us USA,FW,FC Cincinnati,22,1998,9.5,4,27,11,40.7,2.86,1.16,0.15,0.36,13.7,2,0,0,4,4,0.15,0,0,Matches
698,Víctor Vázquez\6c564d36,es ESP,MFFW,LA Galaxy,34,1987,18.1,3,27,10,37,1.5,0.55,0.11,0.3,21.2,2,0,0,1.7,1.7,0.06,+1.3,+1.3,Matches
699,Carlos Vela\e0cd04e0,mx MEX,FW,Los Angeles FC,31,1989,14.1,5,58,17,29.3,4.12,1.21,0.09,0.29,19,7,0,1,6.7,5.9,0.1,-1.7,-0.9,Matches
700,Matías Vera\fe529f25,ar ARG,MF,Houston Dynamo,25,1995,27.2,3,22,9,40.9,0.81,0.33,0.14,0.33,15.6,0,0,0,3.1,3.1,0.14,-0.1,-0.1,Matches
701,Kenneth Vermeer\22a94b80,nl NED,GK,FC Cincinnati,35,1986,18.7,0,0,0,,0,0,,,,0,0,0,0,0,,0,0,Matches
702,Ranko Veselinović\366609b6,rs SRB,DF,Vancouver,21,1999,22.2,1,14,4,28.6,0.63,0.18,0.07,0.25,7.4,0,0,0,1.6,1.6,0.11,-0.6,-0.6,Matches
703,Jorge Villafaña\32337fb2,us USA,DF,LA Galaxy,31,1989,18.8,0,6,1,16.7,0.32,0.05,0,0,19.7,0,0,0,0.2,0.2,0.03,-0.2,-0.2,Matches
704,Alex Villanueva\c168f022,us USA,DFFW,Seattle,18,2002,0.1,0,0,0,,0,0,,,,0,0,0,0,0,,0,0,Matches
705,Sam Vines\2d6e535f,us USA,DF,Colorado Rapids,21,1999,8,1,5,2,40,0.63,0.25,0.2,0.5,15.7,0,0,0,0.8,0.8,0.15,+0.2,+0.2,Matches
706,Kai Wagner\fdc715d9,de GER,DF,Philadelphia,23,1997,31.5,3,33,7,21.2,1.05,0.22,0.09,0.43,24.2,4,0,0,1.1,1.1,0.03,+1.9,+1.9,Matches
707,Anton Walkes\8a062bba,eng ENG,DF,Atlanta Utd,23,1997,30.8,2,14,5,35.7,0.45,0.16,0.14,0.4,12.7,0,0,0,0.9,0.9,0.06,+1.1,+1.1,Matches
708,Rémi Walter\0984c5d5,fr FRA,MF,Sporting KC,25,1995,21,1,22,7,31.8,1.05,0.33,0.05,0.14,23.1,0,0,0,1.3,1.3,0.06,-0.3,-0.3,Matches
709,Victor Wanyama\e0900238,ke KEN,MF,CF Montréal,29,1991,26.2,2,29,10,34.5,1.11,0.38,0.03,0.1,18.9,0,1,1,2.8,2,0.07,-0.8,-1,Matches
710,Collen Warner\75babbce,us USA,MF,Colorado Rapids,32,1988,9.7,1,10,3,30,1.03,0.31,0.1,0.33,23.4,0,0,0,0.3,0.3,0.03,+0.7,+0.7,Matches
711,Taylor Washington\480d3bcc,us USA,DF,Nashville,27,1993,11.5,0,0,0,,0,0,,,,0,0,0,0,0,,0,0,Matches
712,Joel Waterman\47ddcc22,ca CAN,DF,CF Montréal,25,1996,20.6,0,0,0,,0,0,,,,0,0,0,0,0,,0,0,Matches
713,Patrick Weah\ae2ee5a5,lr LBR,FW,Minnesota Utd,17,2003,0.2,0,3,1,33.3,12.27,4.09,0,0,12.7,0,0,0,0.3,0.3,0.09,-0.3,-0.3,Matches
714,Quentin Westberg\5480ae05,us USA,GK,Toronto FC,34,1986,10,0,0,0,,0,0,,,,0,0,0,0,0,,0,0,Matches
715,Brian White\54c948de,us USA,FW,Vancouver,24,1996,21.3,12,43,23,53.5,2.02,1.08,0.28,0.52,10.5,0,0,0,9.1,9.1,0.21,+2.9,+2.9,Matches
716,Brian White\54c948de,us USA,MFFW,NY Red Bulls,24,1996,2.2,0,2,1,50,0.93,0.46,0,0,13,0,0,0,0.2,0.2,0.09,-0.2,-0.2,Matches
717,Augustine Williams\8bb1c744,sl SLE,FW,LA Galaxy,23,1997,1,0,2,1,50,2.02,1.01,0,0,18.5,0,0,0,0.1,0.1,0.04,-0.1,-0.1,Matches
718,Derrick Williams\c0a28fbd,ie IRL,DF,LA Galaxy,28,1993,18.5,0,14,5,35.7,0.76,0.27,0,0,10.5,0,0,0,0.9,0.9,0.07,-0.9,-0.9,Matches
719,Josh Williams\06098bfc,us USA,DF,Columbus Crew,32,1988,15.2,0,4,1,25,0.26,0.07,0,0,4.5,0,0,0,0.9,0.9,0.23,-0.9,-0.9,Matches
720,Eryk Williamson\e0364352,us USA,MF,Portland Timbers,23,1997,10.5,1,8,5,62.5,0.76,0.47,0.13,0.2,16.6,0,0,0,0.9,0.9,0.11,+0.1,+0.1,Matches
721,Joe Willis\467f09c8,us USA,GK,Nashville,32,1988,34,0,0,0,,0,0,,,,0,0,0,0,0,,0,0,Matches
722,Danny Wilson\9cfe9254,sct SCO,DF,Colorado Rapids,29,1991,27.2,2,17,4,23.5,0.62,0.15,0.12,0.5,9,0,0,0,1.3,1.3,0.07,+0.7,+0.7,Matches
723,Owen Wolff\9edc70d6,us USA,MFFW,Austin FC,16,2004,0.1,0,0,0,,0,0,,,,0,0,0,0,0,,0,0,Matches
724,Tyler Wolff\0985c282,us USA,MFFW,Atlanta Utd,17,2003,2.5,0,0,0,,0,0,,,,0,0,0,0,0,,0,0,Matches
725,Chris Wondolowski\37f46eda,us USA,FWMF,San Jose,38,1983,14,5,42,16,38.1,3,1.14,0.12,0.31,12.8,1,0,1,6.7,5.9,0.14,-1.7,-0.9,Matches
726,Bobby Wood\9853983f,us USA,FWMF,Real Salt Lake,28,1992,6.9,2,19,6,31.6,2.76,0.87,0.11,0.33,13.1,0,0,0,2.1,2.1,0.11,-0.1,-0.1,Matches
727,Vito Wormgoor\31d7acd1,nl NED,DF,Columbus Crew,32,1988,14.3,0,5,0,0,0.35,0,0,,9.2,0,0,0,0.1,0.1,0.03,-0.1,-0.1,Matches
728,Bradley Wright-Phillips\9bb42ab8,eng ENG,FW,Columbus Crew,35,1985,7.3,1,13,3,23.1,1.78,0.41,0.08,0.33,11.7,0,0,0,1.5,1.5,0.12,-0.5,-0.5,Matches
729,William Yarbrough\ec646e88,us USA,GK,Colorado Rapids,31,1989,33,0,0,0,,0,0,,,,0,0,0,0,0,,0,0,Matches
730,Dru Yearwood\2eb09121,eng ENG,MF,NY Red Bulls,20,2000,18.8,1,21,6,28.6,1.12,0.32,0.05,0.17,24,0,0,0,1.3,1.3,0.06,-0.3,-0.3,Matches
731,Griffin Yow\ddd5cf39,us USA,DFFW,D.C. United,18,2002,2.7,1,6,2,33.3,2.25,0.75,0.17,0.5,19.6,0,0,0,0.3,0.3,0.04,+0.7,+0.7,Matches
732,Jackson Yueill\7dce16bf,us USA,MF,San Jose,23,1997,28.4,3,26,10,38.5,0.92,0.35,0.12,0.3,18.6,1,0,0,3.5,3.5,0.13,-0.5,-0.5,Matches
733,Renzo Zambrano\526bf96c,ve VEN,MF,Portland Timbers,26,1994,6.6,0,4,0,0,0.61,0,0,,32.7,0,0,0,0.1,0.1,0.02,-0.1,-0.1,Matches
734,Gyasi Zardes\09ae7f92,us USA,FW,Columbus Crew,29,1991,17.3,9,35,16,45.7,2.02,0.92,0.26,0.56,11.9,0,0,0,6.5,6.5,0.19,+2.5,+2.5,Matches
735,Eriq Zavaleta\edbfbb3f,sv SLV,DF,Toronto FC,28,1992,11.3,0,1,0,0,0.09,0,0,,13,0,0,0,0,0,0.02,0,0,Matches
736,Gedion Zelalem\b15ac68f,us USA,MF,NYCFC,24,1997,1.1,0,0,0,,0,0,,,,0,0,0,0,0,,0,0,Matches
737,Lucas Zelarayán\3ce30893,am ARM,MF,Columbus Crew,28,1992,29.1,12,93,34,36.6,3.19,1.17,0.12,0.32,23.3,30,1,1,6.5,5.7,0.06,+5.5,+5.3,Matches
738,Walker Zimmerman\220fa883,us USA,DF,Nashville,27,1993,22.7,3,28,10,35.7,1.23,0.44,0.11,0.3,9.5,0,0,0,2.2,2.2,0.08,+0.8,+0.8,Matches
739,Rida Zouhir\e1e65f24,ca CAN,MF,CF Montréal,17,2003,0.2,0,0,0,,0,0,,,,0,0,0,0,0,,0,0,Matches
740,Ethan Zubak\9f39b6cf,us USA,FWMF,LA Galaxy,22,1998,7.5,1,14,4,28.6,1.88,0.54,0.07,0.25,17,0,0,0,1.3,1.3,0.09,-0.3,-0.3,Matches
741,Dario Župarić\c6f99e42,ba BIH,DF,Portland Timbers,28,1992,30,0,7,1,14.3,0.23,0.03,0,0,12.1,0,0,0,0.5,0.5,0.07,-0.5,-0.5,Matches
742,Graham Zusi\9ba42447,us USA,DF,Sporting KC,34,1986,23.6,0,20,3,15,0.85,0.13,0,0,28.4,1,0,0,0.6,0.6,0.03,-0.6,-0.6,Matches
743,Guðmundur Þórarinsson\ded30989,is ISL,DF,NYCFC,28,1992,18.3,2,16,7,43.8,0.87,0.38,0.13,0.29,21.4,5,0,0,0.8,0.8,0.05,+1.2,+1.2,Matches